"","M10","M12","M14","M15","M16","M17","M18","M19","M2","M20","M21","M23","M24","M25","M26","M27","M28","M29","M3","M30","M31","M33","M35","M36","M37","M38","M39","M4","M40","M41","M43","M44","M45","M46","M47","M48","M5","M6","M7","M8","M9","P10","P12","P14","P15","P16","P17","P18","P19","P2","P20","P21","P23","P24","P25","P26","P27","P28","P29","P3","P30","P31","P33","P35","P36","P37","P38","P39","P4","P40","P41","P43","P44","P45","P46","P47","P48","P5","P6","P7","P8","P9"
"M10",NA,NA,NA,NA,NA,NA,NA,NA,NA,NA,NA,NA,NA,NA,NA,NA,NA,NA,NA,NA,NA,NA,NA,NA,NA,NA,NA,NA,NA,NA,NA,NA,NA,NA,NA,NA,NA,NA,NA,NA,NA,NA,NA,NA,NA,NA,NA,NA,NA,NA,NA,NA,NA,NA,NA,NA,NA,NA,NA,NA,NA,NA,NA,NA,NA,NA,NA,NA,NA,NA,NA,NA,NA,NA,NA,NA,NA,NA,NA,NA,NA,NA
"M12",-0.095789400667766,NA,NA,NA,NA,NA,NA,NA,NA,NA,NA,NA,NA,NA,NA,NA,NA,NA,NA,NA,NA,NA,NA,NA,NA,NA,NA,NA,NA,NA,NA,NA,NA,NA,NA,NA,NA,NA,NA,NA,NA,NA,NA,NA,NA,NA,NA,NA,NA,NA,NA,NA,NA,NA,NA,NA,NA,NA,NA,NA,NA,NA,NA,NA,NA,NA,NA,NA,NA,NA,NA,NA,NA,NA,NA,NA,NA,NA,NA,NA,NA,NA
"M14",-0.108616010048202,-0.164642360163753,NA,NA,NA,NA,NA,NA,NA,NA,NA,NA,NA,NA,NA,NA,NA,NA,NA,NA,NA,NA,NA,NA,NA,NA,NA,NA,NA,NA,NA,NA,NA,NA,NA,NA,NA,NA,NA,NA,NA,NA,NA,NA,NA,NA,NA,NA,NA,NA,NA,NA,NA,NA,NA,NA,NA,NA,NA,NA,NA,NA,NA,NA,NA,NA,NA,NA,NA,NA,NA,NA,NA,NA,NA,NA,NA,NA,NA,NA,NA,NA
"M15",-0.032460209420262,-0.119814560461156,-0.125912684807988,NA,NA,NA,NA,NA,NA,NA,NA,NA,NA,NA,NA,NA,NA,NA,NA,NA,NA,NA,NA,NA,NA,NA,NA,NA,NA,NA,NA,NA,NA,NA,NA,NA,NA,NA,NA,NA,NA,NA,NA,NA,NA,NA,NA,NA,NA,NA,NA,NA,NA,NA,NA,NA,NA,NA,NA,NA,NA,NA,NA,NA,NA,NA,NA,NA,NA,NA,NA,NA,NA,NA,NA,NA,NA,NA,NA,NA,NA,NA
"M16",0.0763982517963174,0.130279948247601,0.0117696993398732,-0.0233646927019601,NA,NA,NA,NA,NA,NA,NA,NA,NA,NA,NA,NA,NA,NA,NA,NA,NA,NA,NA,NA,NA,NA,NA,NA,NA,NA,NA,NA,NA,NA,NA,NA,NA,NA,NA,NA,NA,NA,NA,NA,NA,NA,NA,NA,NA,NA,NA,NA,NA,NA,NA,NA,NA,NA,NA,NA,NA,NA,NA,NA,NA,NA,NA,NA,NA,NA,NA,NA,NA,NA,NA,NA,NA,NA,NA,NA,NA,NA
"M17",0.0436783317358694,-0.0959180206924209,-0.0625892503784401,0.0373016422243324,-0.0806171110276325,NA,NA,NA,NA,NA,NA,NA,NA,NA,NA,NA,NA,NA,NA,NA,NA,NA,NA,NA,NA,NA,NA,NA,NA,NA,NA,NA,NA,NA,NA,NA,NA,NA,NA,NA,NA,NA,NA,NA,NA,NA,NA,NA,NA,NA,NA,NA,NA,NA,NA,NA,NA,NA,NA,NA,NA,NA,NA,NA,NA,NA,NA,NA,NA,NA,NA,NA,NA,NA,NA,NA,NA,NA,NA,NA,NA,NA
"M18",-0.0167577715248016,-0.0472989742145575,-0.0361206877506691,0.187491802851593,0.108024490985575,-0.0450075681707572,NA,NA,NA,NA,NA,NA,NA,NA,NA,NA,NA,NA,NA,NA,NA,NA,NA,NA,NA,NA,NA,NA,NA,NA,NA,NA,NA,NA,NA,NA,NA,NA,NA,NA,NA,NA,NA,NA,NA,NA,NA,NA,NA,NA,NA,NA,NA,NA,NA,NA,NA,NA,NA,NA,NA,NA,NA,NA,NA,NA,NA,NA,NA,NA,NA,NA,NA,NA,NA,NA,NA,NA,NA,NA,NA,NA
"M19",-0.0308063596063051,-0.270047136991084,0.0187458064762466,-0.00998811850827577,0.0920739729437897,0.212798741495597,-0.0446041138341213,NA,NA,NA,NA,NA,NA,NA,NA,NA,NA,NA,NA,NA,NA,NA,NA,NA,NA,NA,NA,NA,NA,NA,NA,NA,NA,NA,NA,NA,NA,NA,NA,NA,NA,NA,NA,NA,NA,NA,NA,NA,NA,NA,NA,NA,NA,NA,NA,NA,NA,NA,NA,NA,NA,NA,NA,NA,NA,NA,NA,NA,NA,NA,NA,NA,NA,NA,NA,NA,NA,NA,NA,NA,NA,NA
"M2",-0.0325273408549826,-0.0026772444263978,-0.00451397612487021,-0.119036484515722,-0.0107903420633327,0.0137672766958457,0.0134850444766363,-0.126764389021303,NA,NA,NA,NA,NA,NA,NA,NA,NA,NA,NA,NA,NA,NA,NA,NA,NA,NA,NA,NA,NA,NA,NA,NA,NA,NA,NA,NA,NA,NA,NA,NA,NA,NA,NA,NA,NA,NA,NA,NA,NA,NA,NA,NA,NA,NA,NA,NA,NA,NA,NA,NA,NA,NA,NA,NA,NA,NA,NA,NA,NA,NA,NA,NA,NA,NA,NA,NA,NA,NA,NA,NA,NA,NA
"M20",-0.0189635538131899,-0.0741760885019393,-0.149089745139894,0.0570980891648641,-0.0136560502812512,0.0866977158917967,0.0778292668075347,0.140677431562905,-0.0448930819712289,NA,NA,NA,NA,NA,NA,NA,NA,NA,NA,NA,NA,NA,NA,NA,NA,NA,NA,NA,NA,NA,NA,NA,NA,NA,NA,NA,NA,NA,NA,NA,NA,NA,NA,NA,NA,NA,NA,NA,NA,NA,NA,NA,NA,NA,NA,NA,NA,NA,NA,NA,NA,NA,NA,NA,NA,NA,NA,NA,NA,NA,NA,NA,NA,NA,NA,NA,NA,NA,NA,NA,NA,NA
"M21",0.0428801737244067,-0.0325965220689809,0.120370012751651,-0.0653608759625231,0.172853833016994,-0.00322245887455065,-0.0968407336990907,-0.128374810096657,0.0493822658271172,-0.0154415158124853,NA,NA,NA,NA,NA,NA,NA,NA,NA,NA,NA,NA,NA,NA,NA,NA,NA,NA,NA,NA,NA,NA,NA,NA,NA,NA,NA,NA,NA,NA,NA,NA,NA,NA,NA,NA,NA,NA,NA,NA,NA,NA,NA,NA,NA,NA,NA,NA,NA,NA,NA,NA,NA,NA,NA,NA,NA,NA,NA,NA,NA,NA,NA,NA,NA,NA,NA,NA,NA,NA,NA,NA
"M23",0.0971985226540111,-0.237445897704652,-0.0189722787403752,0.0359519994054053,0.0350099051341977,0.0385602968160302,0.106036560697012,0.0799792031951649,0.0204748747526252,0.00181739676582276,-0.0118244930340946,NA,NA,NA,NA,NA,NA,NA,NA,NA,NA,NA,NA,NA,NA,NA,NA,NA,NA,NA,NA,NA,NA,NA,NA,NA,NA,NA,NA,NA,NA,NA,NA,NA,NA,NA,NA,NA,NA,NA,NA,NA,NA,NA,NA,NA,NA,NA,NA,NA,NA,NA,NA,NA,NA,NA,NA,NA,NA,NA,NA,NA,NA,NA,NA,NA,NA,NA,NA,NA,NA,NA
"M24",0.0642536575904107,0.0303107137271267,-0.0228452550919826,0.021892603775169,0.00827097687358845,0.053625533811036,-0.140082104239889,-0.0206974689900146,-0.174005851170652,-0.0492776074720185,0.0936578181333348,0.0570142074721325,NA,NA,NA,NA,NA,NA,NA,NA,NA,NA,NA,NA,NA,NA,NA,NA,NA,NA,NA,NA,NA,NA,NA,NA,NA,NA,NA,NA,NA,NA,NA,NA,NA,NA,NA,NA,NA,NA,NA,NA,NA,NA,NA,NA,NA,NA,NA,NA,NA,NA,NA,NA,NA,NA,NA,NA,NA,NA,NA,NA,NA,NA,NA,NA,NA,NA,NA,NA,NA,NA
"M25",0.0642111857977588,0.0297683978139244,-0.112658736715387,0.056628798294811,0.136859143841747,0.0658766556431058,-0.0949641510579714,0.135652478663712,-0.10730045533914,-0.00392611468943824,0.0558246155920713,0.00246275718823396,0.0817440043363782,NA,NA,NA,NA,NA,NA,NA,NA,NA,NA,NA,NA,NA,NA,NA,NA,NA,NA,NA,NA,NA,NA,NA,NA,NA,NA,NA,NA,NA,NA,NA,NA,NA,NA,NA,NA,NA,NA,NA,NA,NA,NA,NA,NA,NA,NA,NA,NA,NA,NA,NA,NA,NA,NA,NA,NA,NA,NA,NA,NA,NA,NA,NA,NA,NA,NA,NA,NA,NA
"M26",-0.116925009162783,-0.201977463684183,-0.0262168233766922,-0.00087656648392429,-0.024853956557432,-0.0658593791777909,-0.0433312325356324,0.0229658287499284,0.00921260321447252,-0.0430926965958669,-0.152132256401304,-0.0152278030024619,-0.162542024078618,-0.0378001283897189,NA,NA,NA,NA,NA,NA,NA,NA,NA,NA,NA,NA,NA,NA,NA,NA,NA,NA,NA,NA,NA,NA,NA,NA,NA,NA,NA,NA,NA,NA,NA,NA,NA,NA,NA,NA,NA,NA,NA,NA,NA,NA,NA,NA,NA,NA,NA,NA,NA,NA,NA,NA,NA,NA,NA,NA,NA,NA,NA,NA,NA,NA,NA,NA,NA,NA,NA,NA
"M27",0.15910056742136,0.000376341290606743,-0.0749537394343888,0.0411222466381872,0.0876300095617271,0.0807259273226432,-0.0154060076919515,-0.0103706167663738,-0.116196312405945,0.0362179847816387,0.169585388258268,0.0460253054792199,0.0691123577739647,0.0728139766773019,-0.136174195836373,NA,NA,NA,NA,NA,NA,NA,NA,NA,NA,NA,NA,NA,NA,NA,NA,NA,NA,NA,NA,NA,NA,NA,NA,NA,NA,NA,NA,NA,NA,NA,NA,NA,NA,NA,NA,NA,NA,NA,NA,NA,NA,NA,NA,NA,NA,NA,NA,NA,NA,NA,NA,NA,NA,NA,NA,NA,NA,NA,NA,NA,NA,NA,NA,NA,NA,NA
"M28",0.0573719258724149,-0.10734730046686,0.00290522375299917,0.184693490268254,0.00992953115981302,0.0407224616179547,0.217074275245863,-0.0326856502457319,-0.0830027604829913,0.0984342170497578,0.0831283747174724,0.0387387458099585,-0.033145012666812,-0.00979638479667435,-0.163860792683191,-0.0413025910221188,NA,NA,NA,NA,NA,NA,NA,NA,NA,NA,NA,NA,NA,NA,NA,NA,NA,NA,NA,NA,NA,NA,NA,NA,NA,NA,NA,NA,NA,NA,NA,NA,NA,NA,NA,NA,NA,NA,NA,NA,NA,NA,NA,NA,NA,NA,NA,NA,NA,NA,NA,NA,NA,NA,NA,NA,NA,NA,NA,NA,NA,NA,NA,NA,NA,NA
"M29",-0.0290920538094322,0.090078638763112,0.0112520091837099,0.0782475665385702,0.0134375265022412,-0.0715437015867157,-0.0166404712271934,0.126026586347803,-0.0536606936263013,0.0429257684483759,-0.0538583721535483,-0.072882628767653,-0.0744930649931823,-0.0464204072733106,-0.0806034269556732,-0.0704194829913576,0.0208225238367118,NA,NA,NA,NA,NA,NA,NA,NA,NA,NA,NA,NA,NA,NA,NA,NA,NA,NA,NA,NA,NA,NA,NA,NA,NA,NA,NA,NA,NA,NA,NA,NA,NA,NA,NA,NA,NA,NA,NA,NA,NA,NA,NA,NA,NA,NA,NA,NA,NA,NA,NA,NA,NA,NA,NA,NA,NA,NA,NA,NA,NA,NA,NA,NA,NA
"M3",0.0195140623255129,-0.00911197133922413,0.11590657208228,0.0635260583038422,0.131487998565549,-0.121865051823042,0.219300055038043,-0.077207178927527,-0.0790709254702626,0.0693341827760887,0.111646636001231,0.0328777010758608,-0.0551186315262558,0.00338094139982628,-0.0763697904254282,-0.0162439090009819,0.0832452175921276,0.0634391295516642,NA,NA,NA,NA,NA,NA,NA,NA,NA,NA,NA,NA,NA,NA,NA,NA,NA,NA,NA,NA,NA,NA,NA,NA,NA,NA,NA,NA,NA,NA,NA,NA,NA,NA,NA,NA,NA,NA,NA,NA,NA,NA,NA,NA,NA,NA,NA,NA,NA,NA,NA,NA,NA,NA,NA,NA,NA,NA,NA,NA,NA,NA,NA,NA
"M30",0.00212886497521844,-0.00784025761018905,0.0754393332353913,0.0838401458968131,0.134105074119918,0.00847497686634988,0.199729760855286,0.00749938929617925,0.100750224472153,-0.035416964814906,0.041178830616694,0.0794975462246004,0.0877753289712503,-0.00343596672795179,-0.0600711576068867,0.0138670087222041,-0.021804356040675,0.0224405337972521,0.0168497656948902,NA,NA,NA,NA,NA,NA,NA,NA,NA,NA,NA,NA,NA,NA,NA,NA,NA,NA,NA,NA,NA,NA,NA,NA,NA,NA,NA,NA,NA,NA,NA,NA,NA,NA,NA,NA,NA,NA,NA,NA,NA,NA,NA,NA,NA,NA,NA,NA,NA,NA,NA,NA,NA,NA,NA,NA,NA,NA,NA,NA,NA,NA,NA
"M31",-0.187021681337627,-0.0214026583127098,-0.188637905315856,0.0435947961854385,0.0737053852076136,-0.0698364780009291,0.108033642823824,0.143885452251008,-0.0659851520905592,0.120210907511159,-0.113830968205247,-0.0119688025838293,-0.0688654142549382,-0.0353576568962453,0.0521369866751393,-0.103827128804063,-0.0411376411019134,0.0228772001588256,0.114758007062247,-0.0433805044047961,NA,NA,NA,NA,NA,NA,NA,NA,NA,NA,NA,NA,NA,NA,NA,NA,NA,NA,NA,NA,NA,NA,NA,NA,NA,NA,NA,NA,NA,NA,NA,NA,NA,NA,NA,NA,NA,NA,NA,NA,NA,NA,NA,NA,NA,NA,NA,NA,NA,NA,NA,NA,NA,NA,NA,NA,NA,NA,NA,NA,NA,NA
"M33",-0.125687192062283,0.128481481293441,-0.01637685499215,0.0637133454406476,0.116195034518611,-0.102385138090675,-0.0167137929091202,-0.100161249734534,0.0683544992171161,0.00492327036983629,0.00633416374789595,-0.0987230381142017,-0.0146485760871266,-0.0919559534862555,-0.166392666159236,0.0257921605299704,0.0677010081286337,0.0519877356598516,0.00836296675598171,0.0475578103192027,-0.048187349466488,NA,NA,NA,NA,NA,NA,NA,NA,NA,NA,NA,NA,NA,NA,NA,NA,NA,NA,NA,NA,NA,NA,NA,NA,NA,NA,NA,NA,NA,NA,NA,NA,NA,NA,NA,NA,NA,NA,NA,NA,NA,NA,NA,NA,NA,NA,NA,NA,NA,NA,NA,NA,NA,NA,NA,NA,NA,NA,NA,NA,NA
"M35",0.00960464003802514,0.0333930456052402,0.00802695238255578,0.165541164540634,-0.0485942546414376,-0.0307915855065866,0.0111944235233991,0.13443670440549,-0.0129740393653192,0.105440442481761,-0.00810727693298081,-0.0370551840512929,-0.00621296369040468,-0.0744212256733682,0.011476957394117,5.18837881560802e-05,-0.0147097777610132,0.0572608928427736,-0.0889312944736227,0.0758433376309941,0.0724568541383568,0.0372508657151871,NA,NA,NA,NA,NA,NA,NA,NA,NA,NA,NA,NA,NA,NA,NA,NA,NA,NA,NA,NA,NA,NA,NA,NA,NA,NA,NA,NA,NA,NA,NA,NA,NA,NA,NA,NA,NA,NA,NA,NA,NA,NA,NA,NA,NA,NA,NA,NA,NA,NA,NA,NA,NA,NA,NA,NA,NA,NA,NA,NA
"M36",0.00286948218122265,-0.117276676140978,-0.204499215707561,-0.119548615613173,-0.0579482009494618,0.148892412994077,-0.102226676657441,-0.0420317309280324,0.0199940442075052,-0.137185765693218,0.0292601765155515,-0.197539376759425,-0.0342443490650484,-0.123170082916914,-0.0117023148392831,0.048107541594366,0.0400459472882691,-0.0732934759605706,-0.0814626853609287,-0.0776136235101296,-0.149804644126508,-0.0408244044313546,-0.197113659150219,NA,NA,NA,NA,NA,NA,NA,NA,NA,NA,NA,NA,NA,NA,NA,NA,NA,NA,NA,NA,NA,NA,NA,NA,NA,NA,NA,NA,NA,NA,NA,NA,NA,NA,NA,NA,NA,NA,NA,NA,NA,NA,NA,NA,NA,NA,NA,NA,NA,NA,NA,NA,NA,NA,NA,NA,NA,NA,NA
"M37",0.0737022093300036,-0.140016019500233,-0.107446240186957,-0.151286973943885,0.0882333004698167,0.0536816465292384,-0.0211449441999048,0.107702337940595,-0.0310772016462612,0.0910519983503672,-0.136592339611666,0.0331528360152266,-0.115861875769238,0.0541881716202699,0.0317337267631207,-0.0386432432285947,-0.0345232339435931,0.0452069405199563,-0.061989703861643,-0.0535577267667704,0.0539493167322357,0.0222374846119831,-0.142503279666788,-0.0647251668975998,NA,NA,NA,NA,NA,NA,NA,NA,NA,NA,NA,NA,NA,NA,NA,NA,NA,NA,NA,NA,NA,NA,NA,NA,NA,NA,NA,NA,NA,NA,NA,NA,NA,NA,NA,NA,NA,NA,NA,NA,NA,NA,NA,NA,NA,NA,NA,NA,NA,NA,NA,NA,NA,NA,NA,NA,NA,NA
"M38",-0.0417584195646297,0.135913856892813,0.0791057307155425,0.0264230677920848,0.0258974258328336,0.0359250173086003,0.118705631129773,0.040062693476787,0.0272937009894388,0.046813847106923,-0.0292107385078264,-0.0460842902744328,-0.102753520382743,0.00145555433713887,0.111080038235412,0.045707080686884,0.0919172095411034,-0.00112083034436549,-0.0073102559348446,-0.000893182173963773,-0.0536217227467301,-0.0643439203463671,0.0553018582738618,0.0578394484407949,0.0668468319610667,NA,NA,NA,NA,NA,NA,NA,NA,NA,NA,NA,NA,NA,NA,NA,NA,NA,NA,NA,NA,NA,NA,NA,NA,NA,NA,NA,NA,NA,NA,NA,NA,NA,NA,NA,NA,NA,NA,NA,NA,NA,NA,NA,NA,NA,NA,NA,NA,NA,NA,NA,NA,NA,NA,NA,NA,NA
"M39",-0.021058622758058,0.0753686878582324,0.219645676470683,-0.00571553217911924,-0.0833695543918129,0.0806768049970424,0.0111268610835757,0.0150041465826385,0.167619892369242,0.0138699042003654,0.0501619583301265,-0.0918854346858779,-0.0619482967346922,-0.0185810819486005,-0.0507519910703605,-0.0832150138690656,-0.0322341020199811,0.0481427804057312,-0.0791590505138037,-0.027839797024047,-0.0411471060347757,0.0350048733456996,0.00263847868476015,0.0178043445305262,-0.01634107663023,0.0591797248634661,NA,NA,NA,NA,NA,NA,NA,NA,NA,NA,NA,NA,NA,NA,NA,NA,NA,NA,NA,NA,NA,NA,NA,NA,NA,NA,NA,NA,NA,NA,NA,NA,NA,NA,NA,NA,NA,NA,NA,NA,NA,NA,NA,NA,NA,NA,NA,NA,NA,NA,NA,NA,NA,NA,NA,NA
"M4",0.0428641428127066,-0.218883358641737,0.0886145065743193,0.0678933144664548,0.0374060608730616,0.0405825315461043,0.00641247802531431,0.0995724036623538,-0.0471537660875409,0.0661023597593979,-0.014804494140606,0.111816564197122,-0.198852121418946,0.000950091332407651,0.0912285875021232,-0.0459634947454783,0.0276672038306988,0.0094179256428208,-0.064548577902966,-0.0635433260244671,-0.16345500779333,-0.0529203483424125,-0.0440176704711485,-0.13486403326122,0.048714555407819,0.117125136378853,0.014136844265147,NA,NA,NA,NA,NA,NA,NA,NA,NA,NA,NA,NA,NA,NA,NA,NA,NA,NA,NA,NA,NA,NA,NA,NA,NA,NA,NA,NA,NA,NA,NA,NA,NA,NA,NA,NA,NA,NA,NA,NA,NA,NA,NA,NA,NA,NA,NA,NA,NA,NA,NA,NA,NA,NA,NA
"M40",0.0363726894103837,0.0877133727115171,0.0085342910497903,-0.233374529651058,0.0906461920546038,0.0871338710057522,-0.0208286232062758,0.0121477692955886,0.132334022857523,-0.015264912869701,0.145715428555834,-0.138379851305112,-0.0410387903860949,-0.0409433476802348,-0.151296235501107,-0.00874293795259804,0.00416101430310316,-0.0443645010747349,0.116650043556734,0.0587668711959767,-0.0780787250149358,-0.0731417848481078,-0.0472698521989052,0.0186368369170414,0.088878505924431,0.0617045137379952,0.088332736334153,-0.0961857450048285,NA,NA,NA,NA,NA,NA,NA,NA,NA,NA,NA,NA,NA,NA,NA,NA,NA,NA,NA,NA,NA,NA,NA,NA,NA,NA,NA,NA,NA,NA,NA,NA,NA,NA,NA,NA,NA,NA,NA,NA,NA,NA,NA,NA,NA,NA,NA,NA,NA,NA,NA,NA,NA,NA
"M41",-0.0215205507610614,0.0452728473248201,0.0370725148221965,0.0563008918420878,0.133522850471308,-0.0618988917207774,0.234413178969704,-0.0952405381274108,0.013674034112842,-0.0754377891748782,0.0769510933123434,0.0765631747103512,0.0167569360011885,0.0777660115492955,0.0215465527349589,-0.0160221500484837,0.003281279498256,0.0378039325883489,-0.0121497587449147,0.179863925919045,0.0203824662712399,-0.00297232185402551,0.0135966119362057,-0.116554911430647,0.0757562775924508,0.0811224213196604,-0.0436231298998366,-0.109038114244569,0.00258541728469703,NA,NA,NA,NA,NA,NA,NA,NA,NA,NA,NA,NA,NA,NA,NA,NA,NA,NA,NA,NA,NA,NA,NA,NA,NA,NA,NA,NA,NA,NA,NA,NA,NA,NA,NA,NA,NA,NA,NA,NA,NA,NA,NA,NA,NA,NA,NA,NA,NA,NA,NA,NA,NA
"M43",0.0715374635997453,-0.112349308774374,0.110302359912193,0.136654128356406,0.0598280309739803,-0.00940306941052661,0.190073321986732,0.00794320157730257,0.0736363476432603,-0.0255038944574667,0.147481545090195,-0.0326884446474624,-0.0302294069201588,0.0872019194957624,-0.0141412147697928,0.128537637521649,0.0393010092288398,0.0745092377247348,0.0949718943825315,0.0159193828427635,0.141207419757647,0.184814097509444,0.202675195167037,-0.0419016763557735,-0.0311258893506255,0.00943391630529215,0.162332281750398,0.0686886123325004,0.0095278751957207,0.157444858196758,NA,NA,NA,NA,NA,NA,NA,NA,NA,NA,NA,NA,NA,NA,NA,NA,NA,NA,NA,NA,NA,NA,NA,NA,NA,NA,NA,NA,NA,NA,NA,NA,NA,NA,NA,NA,NA,NA,NA,NA,NA,NA,NA,NA,NA,NA,NA,NA,NA,NA,NA,NA
"M44",0.0819739909991102,-0.0650195220648228,-0.0311292218472257,0.0196076970703965,0.00150583907533957,0.0713295858493855,-0.0190915157861843,0.0551881771491372,-0.0028434703127919,-0.0901301099242888,0.14616220334597,-0.0971058459311492,0.0255487722927553,-0.110526032316504,-0.233296321055156,0.109374487174058,0.0676976350827794,-0.0847157206113784,-0.0309435914480166,0.0549548907779832,-0.068133335729249,0.112352348234328,0.108211705354873,0.106956771980184,-0.0646519471350675,0.165682849331724,-0.0925218321925399,-0.011564773656243,-0.0731874355912533,-0.0777400059039314,0.112264548804564,NA,NA,NA,NA,NA,NA,NA,NA,NA,NA,NA,NA,NA,NA,NA,NA,NA,NA,NA,NA,NA,NA,NA,NA,NA,NA,NA,NA,NA,NA,NA,NA,NA,NA,NA,NA,NA,NA,NA,NA,NA,NA,NA,NA,NA,NA,NA,NA,NA,NA,NA
"M45",0.132254347389701,0.117442603124969,-0.0168129212324255,0.0673300442311142,0.0550019255706845,0.0928626222881577,0.0128160343638446,0.0188449926295927,-0.000344017542589295,-0.0397668005353864,0.0681719382054548,0.0896605525190701,0.0742890591275056,0.12066090365619,-0.0239470193413862,0.146306179400424,-0.0709335919109643,-0.0100955998860335,-0.0841993652466607,0.0722090381542456,0.13828015025169,0.0112728688281131,0.0965197536220532,-0.017061807089323,0.0445243466434193,0.0688026480602953,-0.00993174599129457,-0.0306217273631013,0.027215586694297,0.135702820789012,-0.0187250650623259,-0.00956311169996364,NA,NA,NA,NA,NA,NA,NA,NA,NA,NA,NA,NA,NA,NA,NA,NA,NA,NA,NA,NA,NA,NA,NA,NA,NA,NA,NA,NA,NA,NA,NA,NA,NA,NA,NA,NA,NA,NA,NA,NA,NA,NA,NA,NA,NA,NA,NA,NA,NA,NA
"M46",-0.221143928285821,-0.164370299056411,-0.113648998927132,-0.0488382350878712,0.0311021293526495,-0.176103560390787,0.0444626960386977,-0.109032250232221,-0.093990557589255,-0.119345758217518,-0.0988639431775536,-0.101233862756848,-0.035876683718555,0.0241927582416953,-0.122030394016245,-0.340773352318704,-0.0689826720173604,-0.0390313835381647,0.108115883193223,0.0335302502425446,-0.0054479439572365,0.0684704946932279,-0.0838482877314228,-0.263158680328801,0.0910049061580186,-0.114436573871037,0.0155283502095412,-0.122548556666899,-0.0324712653600484,0.0555673733218111,-0.0320100328982896,-0.112617704489055,-0.0910122984234727,NA,NA,NA,NA,NA,NA,NA,NA,NA,NA,NA,NA,NA,NA,NA,NA,NA,NA,NA,NA,NA,NA,NA,NA,NA,NA,NA,NA,NA,NA,NA,NA,NA,NA,NA,NA,NA,NA,NA,NA,NA,NA,NA,NA,NA,NA,NA,NA,NA
"M47",-0.0613203714233356,-0.122159813954171,-0.144181993463266,-0.102405944615407,-0.138154633416461,-0.101575451489937,0.0818787993804332,-0.0782426888160924,-0.000665638924322442,-0.0947205469896692,-0.0662811643659095,0.0162477494810513,-0.0879992263340721,-0.296672801516396,0.0211620863112566,-0.150239638825937,0.0472522087168416,-0.0108838619492039,-0.0528925717228662,-0.157149268269281,0.0302508522254775,0.00234626346910351,-0.110681350375375,0.0979363222109514,-0.109519333255925,0.0641019912778862,0.111505924903661,-0.028011465355103,-0.0342975096292909,-0.0652295810891429,0.0754193459565279,-0.162771246832613,-0.125830075501027,-0.160464054160917,NA,NA,NA,NA,NA,NA,NA,NA,NA,NA,NA,NA,NA,NA,NA,NA,NA,NA,NA,NA,NA,NA,NA,NA,NA,NA,NA,NA,NA,NA,NA,NA,NA,NA,NA,NA,NA,NA,NA,NA,NA,NA,NA,NA,NA,NA,NA,NA
"M48",-0.0336227342569559,-0.0228804441788076,-0.0281104661714546,-0.00977273494775816,0.0456365744356606,-0.0191786218083027,0.109910654899333,-0.168323678728094,-0.0562897544045118,-0.0663814480322594,-0.0849757217355167,-0.0375222467843267,-0.0432409656403872,-0.143511815360024,-0.127440701786695,-0.0147464332535133,0.0523434773962315,-0.0691222881368839,0.0191403621557118,0.158816957833126,-0.128114527320559,0.121000385961163,-0.110700771264705,-0.0276031582795536,0.00608493149113104,0.0198423682053072,0.0948409782384054,-0.177868314597267,-0.0315373884726975,0.0139283047763453,-0.105252558975147,0.020753804091525,-0.0635377396654944,0.0128234129374486,-0.114306916019752,NA,NA,NA,NA,NA,NA,NA,NA,NA,NA,NA,NA,NA,NA,NA,NA,NA,NA,NA,NA,NA,NA,NA,NA,NA,NA,NA,NA,NA,NA,NA,NA,NA,NA,NA,NA,NA,NA,NA,NA,NA,NA,NA,NA,NA,NA,NA
"M5",0.0347935792118297,-0.00157100131059914,-0.0594097965285793,0.0366691317271263,-0.0534989391126983,0.0376641967949275,-0.00266635860961866,0.0333472750128793,0.144168531267488,-0.0120159925347688,0.0776871608117956,0.0457417903086715,-0.0664742285990149,0.0587274149101867,-0.171567784588403,0.0328235730678792,0.0640129154712813,0.16670408982587,0.0963057959744563,0.230618303067308,-0.0543841635726768,0.111067135238163,0.0420066924542041,0.032283397746305,0.0070126504764312,0.0227946439479262,0.0656536812762624,-0.0624814919820587,0.193649141034449,0.0776044914341187,0.0250698302984846,0.0668154051226584,0.150327600492069,0.0269342468447857,-0.0658735176085447,0.0292034367971553,NA,NA,NA,NA,NA,NA,NA,NA,NA,NA,NA,NA,NA,NA,NA,NA,NA,NA,NA,NA,NA,NA,NA,NA,NA,NA,NA,NA,NA,NA,NA,NA,NA,NA,NA,NA,NA,NA,NA,NA,NA,NA,NA,NA,NA,NA
"M6",-0.0446682338987148,-0.064677559507658,-0.102326806198064,0.106753891835015,0.0112634166057658,-0.0252316887050471,0.00800647856075242,-0.0204755206756697,0.0466568418723302,0.0626888230349014,-0.112990632284988,-0.0911745362547094,-0.0889351374688637,-0.038053034979913,-0.156226736962859,0.0204818672802884,0.0132569710883297,0.0919398828603654,-0.00423493852844716,0.0118592371897589,0.0507761925339934,-0.0292659764744486,-0.0557096470096203,-0.10112651963084,0.0214936994894468,0.0950809847004637,-0.122342130236932,0.00285804619872581,0.00708683977808337,0.0178478286331063,0.0612652987615673,0.072786555416646,0.0337534723056354,-0.0046487912464389,-0.159787715216389,-0.0014075619724067,-0.0529777648563449,NA,NA,NA,NA,NA,NA,NA,NA,NA,NA,NA,NA,NA,NA,NA,NA,NA,NA,NA,NA,NA,NA,NA,NA,NA,NA,NA,NA,NA,NA,NA,NA,NA,NA,NA,NA,NA,NA,NA,NA,NA,NA,NA,NA,NA
"M7",-0.0263945339122124,-0.160035686060882,0.0532854230627939,0.0954730400806553,-0.0490006979423758,0.11409871185415,-0.0811744200764483,0.0557102679971346,-0.152503411417844,0.0706772702544577,-0.0578309891159699,0.0247534762717918,0.0973082913699021,-0.0280373289083208,-0.0248074271331061,-0.0976862202918351,0.0251337870638893,0.140139842225749,0.0627525908295998,-0.0332777936469563,-0.029711530001062,-0.03356810611326,0.166754011970135,-0.144372661626344,0.00802242344932643,-0.0525540042208975,0.0554805364597447,-0.0181745069748198,-0.152414932969746,0.0403640015442952,0.0226032319744324,-0.077718692703436,-0.0104954250379232,-0.0561825665969108,-0.0997635421339143,0.0162306080945049,0.0257479917187371,-0.0584438493338924,NA,NA,NA,NA,NA,NA,NA,NA,NA,NA,NA,NA,NA,NA,NA,NA,NA,NA,NA,NA,NA,NA,NA,NA,NA,NA,NA,NA,NA,NA,NA,NA,NA,NA,NA,NA,NA,NA,NA,NA,NA,NA,NA,NA
"M8",-0.0367873083819099,0.0190534257338736,-0.0708516328045713,-0.0371191307744314,0.0320069493579427,0.0188527021126466,-0.0445847845904918,-0.0042685965339101,0.0764958327810229,0.102006264645507,0.0937486526973619,0.0946599960314322,0.0184400826331623,0.146694615361057,-0.0826457317371112,-0.0555650617498893,-0.0198575551155908,0.188910937452791,-0.0012642235693616,0.145649645633203,0.0667411518268391,-0.0104938590013309,0.237375586726061,-0.223702575633269,0.0989585267680666,-0.0136187160585363,0.00193237470060341,0.0225059341205035,-0.0833107164300115,0.149184422455973,0.0285958988656143,-0.146933622958135,0.105613462342477,-0.00744822453043779,-0.0638756244644603,-0.10078896008497,-0.00556212216746475,-0.00193088624153037,0.0949802583309754,NA,NA,NA,NA,NA,NA,NA,NA,NA,NA,NA,NA,NA,NA,NA,NA,NA,NA,NA,NA,NA,NA,NA,NA,NA,NA,NA,NA,NA,NA,NA,NA,NA,NA,NA,NA,NA,NA,NA,NA,NA,NA,NA
"M9",-0.0318132794228928,0.0288831380252355,-0.0314734954409597,0.140644022803697,-0.0261423022802979,0.0600279662491573,-0.00625920083246407,0.0378765077199836,0.00659293511351498,0.114306588430078,-0.0281831540288965,0.0024851043779527,0.0477972419601713,0.0705828086239387,-0.125618012416483,0.0790578662980718,0.0890005939016278,0.0554946625990464,0.0427807146282747,0.101366850748738,0.00325315778464901,0.0771584617827256,0.0558089998598386,0.00248656475590864,0.0446683728395567,0.0284963029683561,0.0449933211924599,0.107159720234527,0.00475671402127566,0.0420862684278987,0.0510430253484381,-0.0174027820445007,0.156119484944788,0.0794578590233937,-0.0861260681154824,-0.0189243724098484,0.167319468747186,0.127612186605371,-0.0300849054516891,0.044997627002362,NA,NA,NA,NA,NA,NA,NA,NA,NA,NA,NA,NA,NA,NA,NA,NA,NA,NA,NA,NA,NA,NA,NA,NA,NA,NA,NA,NA,NA,NA,NA,NA,NA,NA,NA,NA,NA,NA,NA,NA,NA,NA
"P10",0.474502160623603,-0.277454662648421,0.123036604288467,0.0254559545442979,0.0937640790966865,-0.0233091679135964,0.0777320827832951,0.0238470477056414,-0.169364464563934,-0.026827993397424,-0.105114847077426,0.00710786600990668,0.0200305269268929,-0.105725942666314,-0.082909325854071,-0.0177021819047101,0.0230863934814583,0.00497884498916818,0.145782231092638,0.0606846543480019,-0.0375139399623215,-0.103189180882613,0.120494403329657,-0.332145139007805,-0.0211325451868147,-0.0856908503967056,0.115425432326063,0.00734206682691637,-0.119942340258191,-0.00421456668279171,0.153096584490494,-0.0605830009652487,-0.0053279322429757,-0.117529923473773,-0.140119864046267,0.0124246308778821,-0.0708443055945492,-0.0950725762292736,0.126358312166602,0.135760890214913,-0.0465408845746291,NA,NA,NA,NA,NA,NA,NA,NA,NA,NA,NA,NA,NA,NA,NA,NA,NA,NA,NA,NA,NA,NA,NA,NA,NA,NA,NA,NA,NA,NA,NA,NA,NA,NA,NA,NA,NA,NA,NA,NA,NA
"P12",0.00895987493063791,0.394047119921476,-0.0378649384990626,-0.046617408689815,0.107712268103299,-0.049678321537481,0.0601373189991279,0.015948774318944,-0.0313757650629456,-0.129703655080738,-0.0894297388988529,0.0527591833363856,0.0277465353186608,-0.132923172481381,-0.121741277014455,-0.0861878408469,-0.0743568322817567,0.0650640454594773,-0.0253444858116515,0.0423633081909368,-0.00533695507265084,0.0626608197718197,-0.0105629739811399,-0.0152392713399425,-0.0524572699030874,-0.129671837274541,-0.0331826242956451,-0.101346385410648,-0.0668838191943454,0.00248643979450616,-0.002160662749921,-0.00535119203390937,-0.0831422797851036,-0.112116148471958,-0.0244289795969555,-0.124857186774407,-0.00668643434529076,-0.381230402432693,0.0435869280211928,0.0516421642735176,-0.232467501270785,-0.0794757134392249,NA,NA,NA,NA,NA,NA,NA,NA,NA,NA,NA,NA,NA,NA,NA,NA,NA,NA,NA,NA,NA,NA,NA,NA,NA,NA,NA,NA,NA,NA,NA,NA,NA,NA,NA,NA,NA,NA,NA,NA
"P14",0.0542217182975071,0.00104521944377181,0.589315906453398,0.0344404823182993,0.078556018531135,0.00917302047482578,0.0277269174731091,-0.0708633734677679,0.046903469284767,-0.0423327824593516,0.0405579606213289,0.00720079754036628,-0.0417000043533154,-0.0499589901833776,-0.183538954854102,0.0107106046618288,0.0379938753214373,0.0536981257077,-0.0225905324067714,0.187374466228182,-0.150585779488449,0.116495337428427,0.0932569000244273,-0.221441203156715,0.0184983081689079,0.153945314718411,0.155097638380268,0.0425881003369767,0.0301141320553635,0.0654723721420105,0.143727208836251,0.0677021093990555,0.0686378549554454,0.00325030168006038,-0.192126141307079,-0.0512282362320489,0.0774584314732068,0.0627641125047447,-0.0474876612318971,0.00950693381930196,0.077273630642051,0.125233031635419,-0.0375314551053466,NA,NA,NA,NA,NA,NA,NA,NA,NA,NA,NA,NA,NA,NA,NA,NA,NA,NA,NA,NA,NA,NA,NA,NA,NA,NA,NA,NA,NA,NA,NA,NA,NA,NA,NA,NA,NA,NA,NA
"P15",0.0635326923577706,-0.0122467337170763,-0.0150428768079865,0.547184674568723,0.115813650653753,0.157731597192327,0.20657941670811,-0.0654202609460117,-0.00296603049246725,-0.111946185150672,0.0799013576456605,0.0836670002367132,0.123932175722501,0.0436712845789185,-0.080690103212106,0.152287295344619,0.0660645827237149,-0.0954032987257473,0.0909301298982412,0.12341375473504,-0.00729329927722543,0.0145858067861904,0.0199866401751127,-0.130371331711125,-0.0667926111240286,-0.0215648345003987,-0.0118489599597363,0.0910986774777891,-0.0202271791877025,0.00213072043517254,0.155917563606389,0.0827843206723649,0.0824480599699784,-0.0518298728650382,-0.11070652114296,0.0203874783676762,0.0576362156672351,0.0200327965824279,0.0369862432708533,-0.0515600286228948,0.0957636467855757,0.0720405170101235,0.00816548437646612,0.0449756673606914,NA,NA,NA,NA,NA,NA,NA,NA,NA,NA,NA,NA,NA,NA,NA,NA,NA,NA,NA,NA,NA,NA,NA,NA,NA,NA,NA,NA,NA,NA,NA,NA,NA,NA,NA,NA,NA,NA
"P16",0.234179136943111,0.0986590440805784,-0.00261793782457547,-0.00681845015640117,0.579712054259724,-0.00866004154547594,0.126629867455631,0.0518527861245741,-0.0869315016571753,-0.063006205486863,0.12650229020318,0.0209411823975258,0.0756030665380362,0.0139224276245535,0.0383933426358359,0.106597505545982,0.0400583737670278,-0.014391068177681,-0.0479176746282844,0.0416342951712035,0.0574008253169851,0.097747256763336,-0.023717289928615,0.0730282273168035,0.113237468335631,0.114714857591907,-0.0595992302186627,0.0827991299487527,0.0343430644212446,0.127776037989984,-0.00977687173262255,0.113698157591218,0.0977528740167561,-0.0928551169856807,-0.0706821032529999,0.106134851096054,-0.0474599136895044,-0.041271106612198,0.0103447863969191,0.0315535993360698,0.00175563928067567,0.145282997963069,0.117188687564352,0.108985071707457,0.074822414899208,NA,NA,NA,NA,NA,NA,NA,NA,NA,NA,NA,NA,NA,NA,NA,NA,NA,NA,NA,NA,NA,NA,NA,NA,NA,NA,NA,NA,NA,NA,NA,NA,NA,NA,NA,NA,NA
"P17",-0.0199754975527549,0.0374006026170733,0.0280399668822972,-0.0984453044922056,-0.0271142512917397,0.422325353691955,0.0346376688088521,0.0801170131668554,0.119520359015674,-0.0230036602317303,0.0396908556591186,-0.137722755271612,-0.0283197836283573,0.0172367697960303,-0.30194018963723,-0.00866880032620133,-0.0335829447651001,-0.225096648340081,-0.0580894436776871,0.0427216569184866,-0.132906186257428,-0.0946224211696809,0.0918650386514797,-0.0143294157349717,-0.0898567281170327,0.0826258813093134,0.0394323454005801,-0.000698749167713062,0.0606875954818824,0.0410551572519604,-0.00018485483039844,0.150315969457488,0.0631240332984868,-0.0847395386454912,-0.224864393173398,-0.0172764742413333,-0.00549948630169921,-0.0450248202399068,-0.059666523180449,0.0198409346268959,0.0586602579598215,-0.114153783325421,-0.0688056894128458,-0.0065544315487783,0.0125008989159275,-0.0726095282791827,NA,NA,NA,NA,NA,NA,NA,NA,NA,NA,NA,NA,NA,NA,NA,NA,NA,NA,NA,NA,NA,NA,NA,NA,NA,NA,NA,NA,NA,NA,NA,NA,NA,NA,NA,NA
"P18",0.292916089295918,0.0495935277394624,-0.0784315076300513,0.0673264083091334,0.113494983179728,-0.0131058878154265,0.543803451021013,0.0265207836475141,-0.0788916134836316,0.102223039607466,-0.0242821037413519,0.119904784685018,-0.0151363546211293,-0.0937486540721543,-0.154291718040962,-0.0802336335225353,0.175952604241079,-0.0325657962004899,-0.0223644865172159,0.148013469777739,-0.000868271457739597,-0.0342308196270677,0.0305599377813784,-0.127791026589011,0.120674695174093,0.0424125700983975,-0.0445244699800845,0.0860156493694683,0.0311660629998177,0.245072206653508,-0.0146226586152349,0.00872036993507862,0.00988700115094301,0.0493007045588045,-0.00315726209221258,-0.0460855848734257,-0.0729792492006498,0.0108096496570928,-0.00728389359912508,0.111378308683542,-0.0743226596243809,0.169397667215828,0.0437121282415461,0.0434718699249948,0.03127218876564,0.33318673231485,0.154092251440427,NA,NA,NA,NA,NA,NA,NA,NA,NA,NA,NA,NA,NA,NA,NA,NA,NA,NA,NA,NA,NA,NA,NA,NA,NA,NA,NA,NA,NA,NA,NA,NA,NA,NA,NA
"P19",-0.0567841443754178,-0.189815052335216,-0.108078404172406,-0.0503081352240609,0.100445322676857,0.25425739554476,-0.0109237017412147,0.553631956968843,-0.0793373354404337,0.0677138542840538,-0.108676091957555,0.0339485578525855,0.0282190579168752,0.114206129865297,-0.158025484454456,-0.00171250800186816,-0.00652101480682428,-0.00321937313844613,0.00651241534700676,0.0200909342912375,0.108921389383201,0.0360889707695977,-0.0496883067165809,0.0297339003374204,0.220408229806544,-0.0124346848651552,0.0376776973455348,-0.0370624598341871,0.0348632674424768,-0.0484601652664048,0.0346342989834542,0.0517812366067879,-0.0349052479302384,-0.0530658121699779,-0.016780306800325,-0.0350341682304071,0.158372596939315,-0.0673571667484291,0.159325015557266,-0.0374125145208604,0.0362864710512258,-0.0189140582226919,-0.0909554925743531,-0.0343283628348297,-0.0169394100919893,0.0406320254928545,0.0543056072371743,-0.0497732867465553,NA,NA,NA,NA,NA,NA,NA,NA,NA,NA,NA,NA,NA,NA,NA,NA,NA,NA,NA,NA,NA,NA,NA,NA,NA,NA,NA,NA,NA,NA,NA,NA,NA,NA
"P2",-0.00889691490273502,0.0664596864252142,0.0589821940586841,-0.0681259959612455,-0.138825547211709,-0.0222839884163963,-0.0977762075543494,-0.142329669122655,0.28817950123824,-0.0600921503881805,-0.0111366942437113,-0.067976364118756,-0.0881472236748183,0.186676570890396,-0.175893693087162,0.0239273445796346,-0.134415383110431,0.0717557529185507,-0.0397939011860296,0.0649389257601447,-0.100682098942579,-0.0228446396842906,0.135752581228662,-0.380328858550207,-0.0508588272183179,-0.0293992566038928,-0.00982505163419267,-0.0872841611642907,0.0175572835964507,-0.0232737860026922,0.039907591649928,-0.060966170363479,0.0147034654738446,0.0454034798045526,-0.221990158203711,-0.213985950946264,0.0277114258347732,0.143553068039543,-0.0332837775150181,0.21382805824337,-0.0218071056686112,-0.0550717725352242,-0.142353582451529,0.0599943747418809,-0.0763226464165733,-0.109264131688711,-0.0823020802820501,-0.0654890289533757,-0.149777767937453,NA,NA,NA,NA,NA,NA,NA,NA,NA,NA,NA,NA,NA,NA,NA,NA,NA,NA,NA,NA,NA,NA,NA,NA,NA,NA,NA,NA,NA,NA,NA,NA,NA
"P20",-0.0143875190416053,-0.0134749053035115,0.0671505830740416,-0.0452867610013341,0.100101793630859,-0.0415775509683905,0.138685980381705,0.0231166379384282,-0.103079485958593,0.498018458998143,0.00916100393731908,-0.00458090455203052,-0.0895782252261203,-0.0999602363624913,-0.213251870750437,-0.0404102778959023,0.078273538315943,0.0913542220762333,0.0883569627033084,-0.0028352536969136,-0.0210223245865411,0.0225917161914315,0.0979481406094962,-0.0855015289805658,-0.0402515795871164,0.00597388102466898,-0.0127311851201571,0.0730328206997136,0.0552953447237845,-0.0495591476374519,0.0122646596397355,-0.00124230454444867,0.0598812231614907,-0.109972521365484,-0.0501583278835902,-0.132590565815764,0.0640585658257488,0.044150751233853,0.0511959301836097,0.0922163539135478,0.0140681297508233,0.00928466963830456,0.0522234262631327,0.0931297070978166,-0.0406201843906772,0.0203255211546869,0.00221326946818457,0.158182362448677,-0.035988531034087,-0.0338549445058,NA,NA,NA,NA,NA,NA,NA,NA,NA,NA,NA,NA,NA,NA,NA,NA,NA,NA,NA,NA,NA,NA,NA,NA,NA,NA,NA,NA,NA,NA,NA,NA
"P21",-0.0921980750302798,-0.0829570390194456,0.12369893186005,-0.0853197798966778,0.103422282736421,0.0114143333400595,0.131375425732774,-0.062420005347258,0.0106576973312683,-0.0119701768618528,0.548941509764312,0.0957427214610381,-0.0979672893863752,0.110553736458923,-0.17545559728783,-0.0127213109618246,0.150287500837959,-0.0605650398808168,0.118495786923852,0.0880204992196661,-0.0193168782793723,-0.0319787759967387,-0.0107892120273759,-0.0415658182945229,0.00336750362949567,0.00266714943112671,0.0103563491954022,0.0478451655463241,0.0153860141188124,0.0884329307727548,0.027956814995824,0.142630512405485,0.0807276904295898,-0.0500764475637547,-0.0952591136498031,-0.00996120603767566,0.123118296442027,-0.0209408502771648,0.0202730980077535,0.0310437654730441,0.0709809063083459,-0.0887175647948662,0.0237000970086489,0.0418095651836137,0.0372312523365773,0.0996065222643523,0.0984747870013228,0.0850486844363201,-0.0571294682468894,-0.000443337418422698,0.0891944234645795,NA,NA,NA,NA,NA,NA,NA,NA,NA,NA,NA,NA,NA,NA,NA,NA,NA,NA,NA,NA,NA,NA,NA,NA,NA,NA,NA,NA,NA,NA,NA
"P23",-0.0268077671738795,-0.13898670113255,-0.0152520744787388,0.134011878521682,0.0222804305375632,-0.0428627893856119,-0.010211599426165,0.00457625527435364,0.077641093055946,-0.13045942346941,0.0344914008148914,0.497468849008223,-0.0405974756966992,0.0441978741706139,-0.00826387283238475,-0.00917371923519878,0.000699704630966876,0.0727160733637161,-0.0890210680549858,0.0483094376960151,-0.0884394862879274,-0.00290413427612898,-0.0618152848039725,-0.084746551152865,0.014299861108307,-0.0354192025871473,-0.11717159557367,0.0430035551548557,-0.0596468510914748,-0.0135304977375765,0.0200710506963951,-0.0745602775113726,-0.0122288818363189,-0.0791805263617174,-0.0931463281078622,-0.0434455699555015,-0.0465386804678748,-0.107443655467689,-0.0529724907660051,-0.0370535802391791,-0.0206359711048299,-0.130908316931778,0.0334327703967308,-0.03810409008489,0.056928313387091,0.101232253449186,-0.111957039302241,0.0365418883110386,-0.0316690819700162,-0.0763900634142195,-0.0527468782410235,0.0249627008227784,NA,NA,NA,NA,NA,NA,NA,NA,NA,NA,NA,NA,NA,NA,NA,NA,NA,NA,NA,NA,NA,NA,NA,NA,NA,NA,NA,NA,NA,NA
"P24",0.0287387055526539,-0.0296700580744435,0.0537296380085682,0.0137994616930844,0.165519257889242,-0.0140835475343312,-0.0462879638960288,-0.100374231419963,-0.141028293766553,-0.00846897005631085,0.164308283453962,-0.0731624788533987,0.474484255225617,0.0133333961363694,-0.18961915503356,0.00583806463971152,0.0448822693498503,-0.0691069673900246,-0.04533956006762,0.00140916425746437,-0.181136577475544,0.0497804817375446,0.0984570853743821,0.0214016379315878,-0.25150446951251,-0.0403037908316456,-0.124432260529345,-0.0803171162369915,-0.0584072163576756,0.113200795860625,0.0948858841893513,0.107494634196893,0.0666919166608392,-0.0574679346338784,-0.0625768601469939,0.0526825762763073,-0.0439722853419915,-0.0482115573871594,0.0466607809846913,-0.0927996870250748,0.0646802066507018,-0.0702305347022842,-0.0099528114679266,0.0501103125450753,0.122525304141807,0.189175446752662,0.0960310481558976,0.0223530955271752,-0.0740252799695878,-0.195607540146872,0.202203672152971,0.087737598153486,-0.0878697589996142,NA,NA,NA,NA,NA,NA,NA,NA,NA,NA,NA,NA,NA,NA,NA,NA,NA,NA,NA,NA,NA,NA,NA,NA,NA,NA,NA,NA,NA
"P25",-0.145582579073736,-0.215533684967879,-0.134188373341724,-0.099342014816,0.173297334939632,0.147313566978448,0.080951797143355,0.13244809527477,-0.119808257012401,0.0267081893497382,0.0115069259825934,0.0923838934790497,-0.0623197771876248,0.445138829009918,0.202592468191284,-0.178568641925259,-0.131473416672472,-0.151191094536086,-0.026824786399079,-0.0592290755724173,0.184524966544204,-0.265146449716093,-0.0304141198181985,0.0181919249236621,0.0879741041084843,0.172602801497029,0.0632424328472992,0.121238710611507,-0.0830407410150582,0.0829760421315056,-0.031569040454146,-0.181182552228999,0.101561989764299,0.120816693123952,0.228415923365192,-0.170069299077122,0.09964574422958,-0.0379215911145832,0.0206765019302347,0.103913746342809,-0.000610297151851995,-0.00823339152614426,0.122450276166194,-0.170363599567514,-0.0273316602403482,0.273968360337446,-0.0897786297744024,0.370527747518511,0.144169736793706,0.016326632192973,0.0107124446587599,0.253050215313137,0.0621688588506442,-0.161236537550957,NA,NA,NA,NA,NA,NA,NA,NA,NA,NA,NA,NA,NA,NA,NA,NA,NA,NA,NA,NA,NA,NA,NA,NA,NA,NA,NA,NA
"P26",-0.0250102715260562,-0.0486725162964537,0.0213889035053031,0.0979463193693985,0.034907703819237,-0.0613205363497022,0.0103874754090761,0.155420605999673,0.000812737497612044,-0.00640005197227351,-0.0272247320854656,0.165217553676898,-0.0694123734140478,-0.0584790620043283,0.551008512151067,-0.0741189267498148,-0.0584822026607507,0.0435076822871447,-0.0322378589499748,0.0713378302840377,0.0573046556627789,-0.0911424032565793,0.22496241825673,-0.0233432825141622,0.0902072578404424,0.219763695978023,0.0204428090139248,0.188284092747274,-0.0615054310406833,0.0490293994039369,0.0447650547176352,-0.0893749154159539,0.111541670960466,-0.159503565367556,0.0142639686576234,-0.100766688735314,-0.0292491485128671,-0.212069107938391,0.0459236498727453,0.0219545682087668,0.0319270313176858,-0.114738184402769,-0.0630815947601521,-0.0358623284961904,-0.0457675335603622,0.112702825469652,-0.0791145131938537,-0.0823179691737497,0.0080128652316317,-0.0805016950782671,-0.148963182525087,-0.0382603438543205,0.112252151953049,-0.076741364712462,0.137680520760243,NA,NA,NA,NA,NA,NA,NA,NA,NA,NA,NA,NA,NA,NA,NA,NA,NA,NA,NA,NA,NA,NA,NA,NA,NA,NA,NA
"P27",0.0716588190153869,0.119016077107841,-0.172823773143127,-0.0144707749135817,0.0298568097323103,-0.140449862280109,-0.00356419754398991,-0.173623831050635,-0.138204377129236,-0.0609511627846302,0.0551026368483615,0.0397668552427244,-0.0406027343479238,0.0518992494786703,-0.149944973962733,0.469004389141965,-0.0643414485234124,-0.0632832583488048,0.00180938515226415,-0.0668623021824012,0.00371479067462367,0.0170502576734972,-0.0634583893082056,0.0128164788872958,-0.0541820330455083,0.0384438784941577,-0.0554117791320408,-0.0844386777829085,-0.0803538949842773,-0.0372787468875074,0.0262417766849066,0.109658713708764,0.106637354388603,-0.162549165606467,0.00905990914170099,0.0217819946531963,-0.0334636542316624,-0.0824271871701639,-0.14954297687894,-0.038194592365697,0.0727706008509543,-0.148849534705274,0.00283173226684975,-0.0620537961188383,0.0218975426282892,0.133225839117871,-0.120381138622798,-0.0623888057617027,-0.138448903459512,-0.0711074230752483,-0.107769265962044,-0.0261449054833442,-0.0638385263858767,0.0198488990066791,-0.109128425067895,-0.0275322563736515,NA,NA,NA,NA,NA,NA,NA,NA,NA,NA,NA,NA,NA,NA,NA,NA,NA,NA,NA,NA,NA,NA,NA,NA,NA,NA
"P28",-0.0465628433139792,-0.0191426846994357,-0.0837396097738752,0.0637448230424111,-0.0542645916790679,0.0477313541806899,0.0729019717577828,0.0942077443897197,-0.125401492469984,0.10658802708437,0.0681675676215049,-0.0114148461691395,-0.0388162090256347,0.152198844463014,0.00134523487739638,0.104651597783604,0.573008765144864,0.145464047957953,0.122469191643982,0.0819135591960291,0.0993427660159061,0.100139541207225,0.0515697133501155,0.0875193179740611,0.00555782114888523,0.192414462980672,-0.0618413279051527,0.0979615783195345,0.0124911122573339,0.0614196903677695,0.108276664097398,0.113936593892987,0.0101630071340685,-0.0853842816507918,-0.0250659210437665,-0.010957271667436,0.156723303610601,-0.00851969307670638,0.000455026667959301,0.176083716536442,0.180429641745179,-0.0579083411455718,-0.0728913307487226,-0.0339910087671114,0.0073930097255624,-0.0202445452269836,-0.0487047012130664,-0.0149165509150621,0.0697397357363074,0.117618189213914,0.113142024958851,0.132091119383429,-0.0977504389034374,0.0742110526694273,0.0161478803063664,-0.00670100251096831,0.0617245222626088,NA,NA,NA,NA,NA,NA,NA,NA,NA,NA,NA,NA,NA,NA,NA,NA,NA,NA,NA,NA,NA,NA,NA,NA,NA
"P29",-0.029811862399181,0.0109305220146627,-0.124138378012456,0.120614221521388,0.0226061013002864,-0.0584045555841247,0.106303742997562,0.110066286042986,-0.0147537744877064,0.065700566433496,-0.123989594223842,0.0197771909912665,-0.123770497553879,0.100503424767372,-0.125680431092941,-0.038451406337552,0.0250968201954172,0.489915492355248,-0.0492491771637885,0.0095849022130669,0.0544004896181768,-0.0134655726034492,0.0316940906350265,-0.0755379568252964,0.0629349255463128,0.0699848567190827,0.0708356226392849,-0.04120477553398,-0.039851924523141,0.023702510460231,-0.0837233528017262,-0.0926816976414227,0.106041908008433,-0.126448457629966,0.0152609756507679,0.0137654528415201,0.0491230455931554,0.107729625459053,0.042982527321943,0.0847839400689196,0.0611348512933992,0.00292585425551561,0.0799021238569031,-0.0549329850822774,-0.0185754110286771,0.010999942295381,-0.115919576097408,0.0164082680818323,-0.0589519507072288,0.0130268319282271,-0.00941831684674838,0.0155181379237543,0.0365490380602844,-0.168431940959745,-0.0848020954602754,0.0581749311847569,0.216254510081549,0.0451496597194992,NA,NA,NA,NA,NA,NA,NA,NA,NA,NA,NA,NA,NA,NA,NA,NA,NA,NA,NA,NA,NA,NA,NA,NA
"P3",-0.0824798552851289,0.123843837982983,0.0108707078957622,0.222415190620813,0.0206572538881315,0.000193414566016023,0.244494006505072,-0.0624757183918538,-0.0767002005370996,0.15555176212433,-0.0718117568662196,-0.0110704411866009,-0.00358106627323522,0.000620161566055719,-0.0203496344211742,0.0369090375212625,0.0435389024187205,0.0316696615921728,0.437790210363015,0.0663471590742437,0.18183406266149,0.0205357512191993,0.0901784168327103,-0.029512153912526,-0.0291281939247664,0.0223388565534549,0.0216184603672289,-0.0136220101318124,0.164737135062667,0.0160873248146195,0.0311596697238118,-0.100742920652541,0.077254401275104,0.0421103374378048,-0.0372396162654442,0.0593488162765733,-0.06045729336033,0.0579538482791546,-0.0310180085150456,0.0773666312347599,0.165527169713799,0.0640698727451914,-0.117344847617628,-0.0822648162530788,0.191545619495105,0.00619910415942092,-0.0152714583789946,-0.0079762644740494,-0.0576592192937309,-0.011964342395395,0.0634104826834061,-0.0217323168515214,-0.0170582822621337,-0.143650468789788,-0.162343131577358,-1.13995459477267e-05,0.0231810517765974,0.139358570909085,0.0949150759576514,NA,NA,NA,NA,NA,NA,NA,NA,NA,NA,NA,NA,NA,NA,NA,NA,NA,NA,NA,NA,NA,NA,NA
"P30",-0.122909896533781,0.0283469481503679,0.180111711494874,0.0176226795124981,0.101568328460599,0.0515816369986442,0.0972435158538511,0.0486981135738151,0.189059769956208,0.0169491857647324,0.190537669831316,-0.0395420329711596,-0.0471482395293451,0.079273872317676,-0.239829072293094,-0.0308386757709197,0.0252488840944624,-0.0121678377850048,0.128134017069344,0.512661577877948,0.000837780138126546,-0.0126959868900027,0.0993732875689561,-0.157828850624286,-0.0238337299959231,0.0878911976643322,-0.088223322428216,-0.140982891664363,0.164285537380373,0.239044346951281,-0.0267787152867808,0.0476081176691155,0.0282293048338651,-0.00650844295567102,-0.204941236730878,0.0710657228683744,0.166422461855587,0.0368299714848292,-0.00955029343926043,0.200814839324408,-0.1583395338909,-0.0163468265179668,0.0350322337465065,0.217476294405668,0.0577916500358692,-0.0601676389158689,0.141406174823424,0.0968773342446327,0.0354821033488693,0.115189105402237,0.0950328910428066,0.19327161328769,0.12285819705322,0.00360968620979384,0.0577692855764479,-0.05630844860099,-0.220810781479052,0.147934829167017,-0.0863318284407985,0.0609160756015031,NA,NA,NA,NA,NA,NA,NA,NA,NA,NA,NA,NA,NA,NA,NA,NA,NA,NA,NA,NA,NA,NA
"P31",0.0651174531085697,0.0889423296228541,-0.15463414503534,0.0208148467062094,0.0753517419021022,-0.104401053443118,-0.0887049081859006,0.00160984819404633,-0.00628710748504101,-0.032224703245152,0.0711550790723916,0.031813210415617,0.131572256772232,0.0740726115288577,-0.176813537257587,0.037784970743415,0.0477382266896448,-0.0217089978340746,0.0126311889210947,0.0163168201725409,0.458544845970617,0.0178640104742062,0.0385923252326649,-0.0973823610827741,-0.0222476183851499,-0.056593167312906,0.0343275578952185,-0.145072883148747,-0.0271621460272734,0.076749332879537,0.094121683476417,-0.0575104188869226,0.195861777163969,-0.0946161583066866,0.004215965348785,-0.0748814574966119,0.00252028428957294,0.0252836934537408,-0.102165159321807,0.061087213429829,0.0766741872464257,-0.0499537326779923,-0.0769769671141707,-0.080638466762714,0.00376992559634229,-0.00828933701092997,-0.0256019211565391,-0.0235377608235312,0.0387345986739387,-0.116096220112667,-0.131497229180181,0.0242622063357559,-0.11346957873059,0.028978485131327,-0.117223693361688,-0.00426025784784865,0.139145803807258,0.0975560970865205,0.0754674845620843,0.128932482072342,-0.0859811521074075,NA,NA,NA,NA,NA,NA,NA,NA,NA,NA,NA,NA,NA,NA,NA,NA,NA,NA,NA,NA,NA
"P33",-0.0074821480828774,-0.0766832832500306,0.0243443529776172,0.00779641421815258,0.0958602891683379,0.0575527585153578,-0.0653077670575427,0.0906062776760266,0.0293621893395371,-0.0298787585896461,0.0557991677207596,-0.0255616608487737,0.0210115639291914,-0.0623127954854435,-0.132293733883874,0.0890197986470557,0.0476038009231505,0.0183092833842951,-0.0483153845191824,0.0487751064871432,-0.0792737179890278,0.532070898135294,0.110668429515762,-0.0540760841844574,0.0230197821849224,-0.0104351738216627,0.0945844245309489,-0.0486355500392006,-0.0881544879609648,0.00266773121410186,0.230368701806396,0.13856923368781,0.048877156994681,-0.0254376424555852,-0.13287782946391,0.0269993855611498,0.064965407616893,-0.0440091244573423,-0.0227739233326584,0.0372580091978143,0.0871527414675174,-0.128695719873306,-0.033705921227615,0.202681574318049,0.0278016082611162,0.136678588274076,0.014672703531228,-0.049664724669986,0.133417996016677,-0.0688060126414837,-0.00437273795487694,-0.037289392531677,0.0178264457984054,0.144138900853655,-0.150394106705259,-0.0665878159679995,0.0244475210945526,0.133176715411849,-0.107431741849115,-0.102598463311787,-0.00260436145753217,0.0594526286423122,NA,NA,NA,NA,NA,NA,NA,NA,NA,NA,NA,NA,NA,NA,NA,NA,NA,NA,NA,NA
"P35",-0.024457403862421,-0.0897375615480966,0.10777444713758,-0.0318859162231184,0.0162112314908321,-0.110480312452857,0.0444860818278638,0.0782846621226958,0.00769047851374012,0.0270794478967921,-0.046827050342325,0.0755778702895176,-0.0676074388994164,-0.0355336704940661,-0.0153789041404802,-0.0222484207807192,-0.0390297186941426,-0.0504609569868121,-0.118893376818804,-0.0346500877490362,-0.00526990017707438,-0.124931675557634,0.493907456458087,-0.171101227930623,-0.0829866303527153,0.0774467257595192,-0.114402340607426,-0.0208193707211071,-0.0744740025656336,0.0229561819671907,0.0973275840623019,0.163933002138229,0.0686200195620191,-0.0124997794290782,-0.0582682709120966,-0.129003712766852,-0.0881456244719852,0.00274959199326753,0.12053537958171,0.0119384735657836,-0.0815704229706454,0.0913791180194161,-0.0309504343997807,0.0328515448783564,-0.132663178066813,0.0113174571492653,0.115311056946611,0.0730852204298217,-0.0035990750188942,0.103995642744167,0.0846126881925706,0.0589447034002975,0.0409426344463872,0.00734828550520466,-0.0105236548667453,0.235221204305631,-0.103056500370733,-0.0353342852932556,-0.0611966847089171,-0.063151445126361,0.10438181737571,0.0107552946334686,-0.0375511801612517,NA,NA,NA,NA,NA,NA,NA,NA,NA,NA,NA,NA,NA,NA,NA,NA,NA,NA,NA
"P36",-0.102550633029187,-0.179626561107199,0.0200220278667515,-0.0434798625313336,-0.00418551524240262,0.0861946919679474,0.0968228779168069,0.0575006086547097,0.0643801613240907,-0.0696043097818042,0.0103300005440935,-0.142134203624629,-0.0934947461252271,-0.215758463494163,-0.0439407257962746,-0.111171349341953,0.0538656441296333,0.0331607089117939,-0.080573856013981,-0.0593396726419282,-0.166537976220726,-0.0780218179675158,-0.0224224209356743,0.347451120632431,-0.100444722487772,0.122878103042883,0.0377225315335841,0.169073979743134,0.0878138516883404,-0.0388882121508667,0.0224210251558322,0.0526437222851042,-0.079568832293567,-0.11959071064382,0.094730277362731,-0.0568280502245578,-0.00430797524733828,0.0120151299725946,-0.036687833886315,-0.0515029526293213,-0.11767923608191,-0.171923894780479,0.0523491327653085,-0.062564415494045,-0.0397840211713299,0.00582781888541279,-0.0085796696872195,0.056094076698809,-0.0254503074148495,-0.230612134238797,0.116653359705838,0.120087543316435,-0.0347951172907637,-0.0123587410760114,0.0576328896122674,0.0229379854184041,-0.150073428327493,-0.029503458750049,0.00250787237650016,-0.0638637985048931,-0.0441125953217389,-0.280224181602553,-0.0147865717989587,0.000807689733729241,NA,NA,NA,NA,NA,NA,NA,NA,NA,NA,NA,NA,NA,NA,NA,NA,NA,NA
"P37",0.143557890018554,-0.0460680845205881,-0.0747126516460042,0.0449830945324915,0.115814804642166,-0.00788984719006872,0.0221302841367286,0.0649507854083513,-0.123549569812354,0.115059310021052,0.0489660696719935,-0.0507698337644755,-0.0538175337111367,0.0254829065608691,0.0741956927090665,-0.0176533427141392,-0.0419547786885717,0.0304168534748311,0.127944415353132,-0.167588239677582,0.0407963088864682,-0.0244936868974654,-0.0532310053382623,-0.00285174830067417,0.411884985387642,-0.0210603431652947,0.0577705318226651,0.0445967309723578,0.0349359595993418,-0.108224038852063,-0.0874299268543503,-0.0323486664961671,-0.0035522369916764,0.126096788148958,0.0122673139271835,0.135360876649799,0.0571021430586882,0.00385311563190212,0.121238875632302,0.0942528199837403,-0.0288481215258568,0.0634791518812321,-0.0852958620383572,-0.0650661587503063,0.0257441297577721,0.184159460978359,-0.0606406838186283,0.0261063365810813,0.0882132621332155,-0.112385298200999,0.0421876599819029,0.0484304956667878,0.0604493281561161,-0.0930458542676675,0.0684275085352221,0.10269596923995,0.0497059215522304,-0.0346449649034977,0.0355771016341473,0.0358073023879616,-0.0703442705702405,0.0358965866910691,0.0648628744312143,-0.0265177247405893,-0.0340528540954538,NA,NA,NA,NA,NA,NA,NA,NA,NA,NA,NA,NA,NA,NA,NA,NA,NA
"P38",0.0445391982750889,0.0169567958918624,-0.0959619884885665,0.0407138979791561,0.112704769760078,0.11555006107415,0.00348170309815889,0.0366667699291371,0.0521037996835895,0.0271541315436307,-0.0106063899173531,-0.0576055657235246,-0.0413490577927945,0.084395647726387,0.118216600349512,0.0569117212134589,0.0906162303064477,0.00368574763163244,-0.0648686360855361,0.0982625129796148,-0.0519638413039422,0.107038486338782,0.0124956970977098,0.0455726855603042,0.0327463078578669,0.407012057489719,0.00939446720434146,0.0392913379963188,-0.0135137494588937,0.118724317571829,0.0618860006791052,0.18937959009251,0.13585048865975,-0.0163533465598982,0.101918470598141,0.0750202796640107,0.0629261317658501,0.087027858108949,-0.0316076734338705,-0.0746373925178662,0.0900544533186442,-0.139941375096308,-0.0122809896443121,0.0259808292452978,0.0303002557426412,0.208124606562009,0.0493270146055583,-0.0742249876506997,0.0266188117428595,-0.0374709480070325,-0.0646444387539719,-0.0549568074981337,-0.0407774739716197,0.0516743394454166,0.0285314043418205,0.174114687911329,0.111607117471509,0.156920848104177,0.0712340080353357,0.0244378828866072,-0.0500250696308488,0.0377729708579394,0.14967330421472,0.0435231398893078,-0.0454067048878144,0.0957079806328801,NA,NA,NA,NA,NA,NA,NA,NA,NA,NA,NA,NA,NA,NA,NA,NA
"P39",0.0102591682870061,0.00254741055508442,0.116611126330803,0.0274549915060301,0.00873502648053321,0.0866615974520744,-0.161402344854867,0.153194364960772,0.0618932961860562,0.177278976002084,0.116200919520094,0.0539417913811709,0.0455510354746701,0.0863744103342668,-0.0279912776579422,-0.0419135100114137,0.0242656391563295,0.0170464705309282,0.0974967968442749,0.0182942776555489,-0.0898105150415926,0.0448756950426329,0.0668433970618475,-0.00554954359728418,0.0378959766353263,0.0155067703857924,0.562931991025015,0.0727500516074019,0.0760857100272002,-0.0378110034486952,0.0306754991358481,0.00212125812568732,-0.00330739725146553,0.122777804690596,-0.00842168476078843,0.149801339014324,0.119849917102464,-0.0932240063455122,0.228555386262436,0.0246551955953996,0.0785661398995244,0.107813581721635,-0.112198216091733,0.116940866281029,0.0109286629686873,-0.0284452255854424,-0.0180789940070643,-0.119626990610547,0.133911783933844,-0.121675597694114,-0.00531648582888036,0.0981479214031449,0.0379808249826531,-0.0545683307776405,0.0913195430990664,-0.044226790116792,0.0687879561477779,-0.0222137687122336,0.011040066559538,0.100063690276612,0.0531269038635131,0.0760750265226766,0.089199024425515,-0.0919341183872151,-0.0541537203428856,0.12243118762696,0.106603120059128,NA,NA,NA,NA,NA,NA,NA,NA,NA,NA,NA,NA,NA,NA,NA
"P4",-0.0660806396130283,0.00199316868011367,0.069844679261786,0.0936744560550054,0.141953875286689,0.0546791388942848,-0.144607457914204,0.128208538107114,-0.196859698555789,0.0707533800143708,0.107425088411089,0.015987656755785,-0.0522629575551729,0.0145582142719456,-0.0965658616634072,0.0799141387186958,-0.0160685483059353,0.0804785405865789,-0.0207669182400158,0.0672496359644607,-0.00741043948992364,0.106769573683928,-0.0115048961363404,-0.0740852335168934,0.0438602375439608,0.0325373882017522,-0.0354672253122529,0.49021869347108,-0.0238645424676535,0.0616651438488091,-0.0333727482726137,0.028489477489264,0.0566929204792211,-0.128016771511527,-0.105777901920048,-0.131450604279129,0.042483370565727,0.0549720757914823,0.0978662979938792,0.152092443832427,0.130689651841244,-0.0246744773055795,-0.0824953566255533,0.0391054745996011,0.0576953547498641,0.144795949443156,-0.0329075532397458,-0.0348437365750307,0.0698838841848948,-0.0534175072640619,0.102668555151353,0.0358658661445939,-0.0867794592289723,0.052400040454957,0.11150814528041,0.041273060644184,-0.039071551645021,0.200752932040867,-0.034045931584087,0.0243970771373898,0.0645127672955835,-0.0149922110331512,0.026015003908221,-0.0988644831319606,-0.0921740561820604,-0.0473727911401758,0.0861043176886128,0.0452722364388283,NA,NA,NA,NA,NA,NA,NA,NA,NA,NA,NA,NA,NA,NA
"P40",0.0762381604371028,0.0459091246809926,0.047892892397175,-0.0868070691239177,0.084410056317181,0.0231406289616013,0.0163827149218115,0.102093434308171,0.0581543883558304,0.0350510968842194,0.129371183546823,-0.00109008264063649,0.0840666992616277,0.0277158353221487,-0.16545609990316,-0.0390054508497054,0.0621046974755285,0.103782713815918,0.130269645341005,0.0861636870772191,-0.0182115927718409,-0.01790155225149,0.0504554183958065,-0.0289038660540933,0.0679596181390912,0.0986256859298447,0.113830822258972,0.0861888553982559,0.482948891354732,0.0270466486735711,0.0112888117396967,-0.049427104382133,0.0067337273438985,-0.00250727148924515,0.0334602533644519,0.010785073329048,0.127519877251458,0.000542031788326903,0.120721719603616,0.120563210887763,-0.00454716915736716,0.0862368125370204,-0.0279253445673903,0.0432573123778703,0.0271734373808013,0.0641145237563829,0.0401161391285886,0.136143206136844,0.101514639558992,0.0873874181128364,-0.00623640462042848,0.00765277117907114,-0.074128502180878,0.0221819561856781,0.182350740082127,0.038061858023634,-0.0437503616860313,-0.0228816003555783,0.0909548655838652,0.0905589311721809,0.125550038791277,0.0261772125386498,-0.0642494743255826,-0.0532387030924469,0.0310338796998512,-0.0506481549921337,0.0644036179682497,0.200438744819659,0.0427204122045708,NA,NA,NA,NA,NA,NA,NA,NA,NA,NA,NA,NA,NA
"P41",0.0225493221824032,0.146225950930246,-0.0774020577594518,0.0107799627143901,0.12039335081541,-0.0953243803327219,0.158026705137917,-0.0728369298518923,-0.088021434542453,-0.112312954156771,-0.0500310777282981,-0.0588336263289035,0.021088783693154,0.0848672939702809,-0.108951415484381,-0.0158959217808647,-0.00932958651597187,0.0669273011506615,0.0362713783262565,0.0580387438793916,0.00945398225495787,0.0521146581003298,0.0501595494617216,0.0220844034840215,-0.0612767126508314,0.102132654382851,-0.0482137285725398,-0.18644152527616,-0.0523201530800704,0.583900297670729,0.0723047077732147,0.024000147978513,0.124267233390039,-0.112066636164582,-0.054483813543722,-0.0454287521545693,0.157636570958515,-0.094569968681947,-0.0110705637860803,0.0125435139626812,0.0822543111654726,-0.0983642877127451,0.0787481041588481,0.00891095166428958,-0.00783337362659743,0.0845012474387828,0.00980051413233586,0.112620906228653,0.0362773575179372,-0.0929460531109914,-0.0700122577136658,0.0279443692889668,-0.18606308201973,0.0973484446414767,-0.0979914581416289,0.0506322785636994,-0.0220359891894523,0.0847592355730232,0.0456143426395176,0.0331862394727547,0.0288195085759505,0.110079872705135,-0.0327086764899089,0.0135380322671984,-0.0671332290580262,-0.0942200122793348,0.131687707629178,0.00192361565946609,0.0550623889550471,0.00655858135378578,NA,NA,NA,NA,NA,NA,NA,NA,NA,NA,NA,NA
"P43",-0.0406171155888742,0.140730649974156,-0.0759207915292968,0.117671349703462,0.079826236821779,0.137507594407757,-0.143444969836231,0.0285766758177915,-0.027160017418559,-0.0427963728082792,0.0549047092862074,-0.107128475073529,0.0634958209151827,0.0625476386190913,-0.0858881824880591,-0.023274829926188,0.13161760290483,0.0695980984881796,0.0187419818183345,-0.0662466113122778,-0.00596541199742219,0.193606104894318,0.0599151403216731,0.0761747782970892,0.0650285188420551,-0.0336242083279048,-0.0220875642061358,-0.0616076080560229,-0.0850558256576029,0.093425880134336,0.143456453192467,0.0238005292761354,0.0519716421360236,-0.0198870747299318,-0.0389712540948597,-0.0904502933863858,0.028871680324047,0.0019387368457942,-0.00176447571225213,0.188073619950275,0.0992109370742495,-0.00823253093606707,-0.00819778983988855,0.0230763573151934,-0.00955985288766327,0.0669943562543919,-0.0269243565983684,-0.0535019093352865,0.0751300811559947,-0.110093429099621,-0.0317444755183619,-0.107382088895285,-0.0411458154934658,-0.0261322186082879,0.00683372230500384,-0.145588046771458,-0.00272292853225814,0.0399155387985831,-0.0176855777848661,-0.0445733544875315,0.0858828964103663,-0.00427145484773932,0.0547524613759812,-0.0850507332396692,-0.0078422140543929,-0.0735961497294966,-0.00340366314866365,0.11097288573257,0.0337263977727721,0.0882158907900791,0.0931502158784885,NA,NA,NA,NA,NA,NA,NA,NA,NA,NA,NA
"P44",0.0914358968116548,-0.00399669181961676,-0.087497289915057,-0.0131620595537655,0.0938556158045669,0.0458435845864474,0.0339035695535763,0.0383345786713028,-0.0724955214254969,-0.0404791599453654,0.0374243483737515,-0.0482266873259606,-0.0299949793124615,0.0122085979182829,-0.193128396965415,0.191023559873543,0.0257375287878233,-0.102982572574467,-0.0855715011592599,-0.0198609724174623,-0.159074829497599,0.0329138219308401,0.066851112371601,0.0234917288607714,-0.00463565803368223,0.157186581563654,-0.0394656643103395,0.0618491005039404,-0.0391778828725128,-0.0575692154932235,0.0153614852138656,0.523817080757559,-0.01789379641641,-0.243038973497207,-0.150792740886443,0.0273675744691217,-0.00611341213409362,0.0124653994182825,-0.0677075161668025,-0.152580939046983,-0.135524656403184,-0.0227293222988343,-0.00229601255029467,-0.0115488654962388,0.0243956062919531,0.139348776349763,0.0749974098458419,-0.038619465880586,0.0739615110221203,-0.115220051899208,0.0149263424707846,0.1124705477589,-0.00200493049083601,0.126357055272982,-0.189668829904479,-0.0944396395334479,0.130762239626491,0.0804662972677096,-0.0244152814646907,-0.0577644660945107,0.0298118230054993,0.000644662770298731,0.154787735154214,0.109612283750101,0.00844105822626882,0.0974435174815013,0.173277295399677,0.00650914632956305,0.0805844463301296,-0.234099991776128,0.0039807420613326,-0.125974072572553,NA,NA,NA,NA,NA,NA,NA,NA,NA,NA
"P45",0.16281205710229,0.0467916382926085,0.0836745383097068,-0.0112612138115873,0.111024365843342,0.0712978928313376,0.0586133321059145,0.0537215322553846,0.0665893319529771,-0.0163775300585253,0.122448729288727,0.0214120622417484,0.0692568720711603,0.110470620016946,-0.0218211324079858,0.0112491678933632,-0.0492286000413939,0.0890373393691485,-0.0267185502645546,0.157249778115607,0.021103069059387,-0.0229364608353211,0.0784791970486481,-0.0427514060417237,0.0494937449021926,0.0218432418159273,0.0625882897284201,0.0887309810921572,0.0204370601786594,0.056037033591936,0.0329351659431682,0.0278436833515459,0.582171287629003,-0.0188110573872863,-0.157167771744515,0.023102250171818,0.109159828733241,-0.028463677290117,-0.0453794191493822,0.186764554627552,0.119762933346894,0.131372947385042,-0.0243349766674823,0.181754348410882,0.130469917095077,0.21734049256053,0.0362283633890995,0.0884351934810409,0.0570495098401193,0.0243766602427074,0.0557238689367137,0.121456769404023,-0.00706077465377231,0.139547209438788,-0.0762150093895561,0.0526637944608233,0.0262207039742013,0.0200865566693106,-0.00611320512382133,0.0305149824777552,0.107454185324911,0.0905482182388778,0.0592448406135315,-0.00220051033518346,-0.0126618152379773,0.0767183519938183,0.148367636946068,0.0620304207842827,0.0590498674957961,0.140592154120787,0.0527648120902833,0.0677287694616,-0.0172896675671537,NA,NA,NA,NA,NA,NA,NA,NA,NA
"P46",-0.0334438647810134,-0.0199915900998687,-0.0746329051432464,-0.0630085060335556,0.0945829701463709,0.0290829674605656,0.0319639818299703,0.0449644114110356,-0.0635630713084216,-0.0458731298282801,0.0389105054382156,0.0012219736683643,0.000429844984143652,-0.00408391221276557,0.02681727281467,-0.179255561402426,0.0482603466174781,0.0638336442221381,0.170785706656954,-0.0596537428500883,0.149459676164065,-0.0489403200409031,0.0322800030513254,-0.121531612705357,0.238587931475778,-0.0170815752982814,0.0331366837042309,-0.0243175282745577,-0.0395194293438995,-0.0023567821689892,0.0358520231771719,0.00843145652578944,0.0705997905491684,0.424938402714685,0.0328070197058792,-0.0286176762338451,-0.0401271289073923,-0.026491460926425,0.0091465405819755,0.12817299055715,0.099084755340923,0.0683293377409365,0.103937209654958,-0.00806444791578103,-0.0195541201077558,0.0335282694400043,-0.09950224591665,0.0275173870660401,0.00354392991585986,-0.0882048849627328,-0.0447596998339421,0.0739136102804251,0.00123904247921866,-0.016579233206687,0.220289465830304,0.0704637966922776,-0.0594984473141461,0.10258785765885,-0.0462181032073954,0.0400213321190062,0.0497643199041031,0.0935770820270495,-0.0616387339120687,-0.0329754762538983,-0.0832311857743916,0.127709527759169,0.0323113113094273,0.148370547397384,0.0285864819178663,0.102264836559888,-0.0920858828436096,0.10558112118999,-0.112496838587578,0.0618415458410949,NA,NA,NA,NA,NA,NA,NA,NA
"P47",-0.155035485935097,-0.254543966667453,-0.0148753858604205,-0.178747730718704,-0.104794568070091,-0.0429880351881079,-0.0276753769463138,-0.0904297032272,0.0406904965095125,-0.226414593980883,-0.0795469687540182,0.113425534042322,-0.138789511109028,-0.0956438598603599,0.00323055272600259,-0.133280644863389,-0.130504831109206,-0.018590407560107,-0.0224384050482613,-0.105118715599751,0.00834398757594297,-0.0654714425091767,-0.115734120484036,-0.030354238434261,0.0297017744485401,-0.0394082378413741,0.0736131986560669,-0.0203969546821738,-0.116531516583216,0.0108949223517106,0.161667598923536,-0.135672668289341,-0.111145661291441,-0.0963723638645222,0.495292621457866,-0.0266010725056441,-0.119871437752583,-0.149027325804257,-0.147533707121171,-0.0275036998824287,-0.104377334344821,-0.0300612407068047,0.0842158592931454,-0.113524097237861,-0.116107344524027,-0.0869457303913129,-0.185167099377923,-0.102712360157659,-0.0510754198937822,-0.0176043087741006,-0.0722566357660034,-0.0875975703091389,0.0643925376059124,-0.191674967886826,0.0886463144222548,0.0626036694922967,-0.0969196540703038,-0.120297350709324,-0.00776547238359868,-0.0759672321438426,-0.15275309205202,-0.0756083045115434,-0.0294403272602276,-0.0150577518990404,-0.0460200257239028,-0.145211781229604,-0.0768198069665777,-0.119171557049231,-0.0888151877631663,0.0252184964192821,-0.19994369789488,-0.0602260148528743,-0.217741936452438,-0.0813098171132541,0.0261936982347491,NA,NA,NA,NA,NA,NA,NA
"P48",-0.0421216232001069,0.124893820576528,-0.118270510462011,0.0706534257262777,0.119500897877176,0.0329527520484032,0.190899922522047,-0.128145816795387,-0.0339036835049271,0.133644953542358,-0.0426783817726575,0.0598925794372309,0.0782380376889497,-0.0825569242323081,-0.0190052484004335,0.0364431418690631,0.12497611742329,-0.0211294216631022,0.063096843954326,0.0893941692684374,0.0302521612070579,0.0729211969141435,0.021795389586523,-7.11002119144951e-05,0.0490804343975937,0.114380323070832,0.0425736832169564,-0.0330386741370173,0.060960080631503,0.0448932091113679,-0.121804753289051,-0.00193720347234874,-0.0264649153699775,0.08256382994328,-0.000927693677207832,0.48832270340225,0.0459846421942945,0.0625572538716623,0.0277272098669802,0.0116376086346781,0.166371564545722,0.0112164471322423,-0.0523495835246783,-0.0381146905755018,0.106087124353618,0.0907043627298187,0.0373885237983163,0.0530976727582555,-0.024485151647093,-0.152037782398327,0.0424487670733325,0.0508344265099396,0.0794946340277063,-0.00618853508513116,0.0390976301893915,0.0217949551836336,-0.0543407052391148,0.0708455780307811,0.0523379579107405,0.362919917611622,0.0164671292874313,-0.0158586338904911,-0.0249161735453685,-0.0228096638667494,-0.0279914544948498,0.144072393604909,0.118327871130764,0.12620602892487,-0.026512653112248,-0.0832487311030831,0.0139494865851193,-0.0248089376228734,0.0930190667706194,-0.0758749514847848,0.0244821407464661,-0.0944012402971335,NA,NA,NA,NA,NA,NA
"P5",0.0868403911308552,-0.0902521941499396,-0.170494548668505,0.0361582148097226,-0.0675514573078237,0.073860903621918,0.0489396919834982,0.0379718700051436,0.0987400480355662,0.151397288001063,-0.068334019421356,0.14993807999009,0.0336829530791273,0.0816509409257947,-0.311024541962301,0.00774585987933143,0.111356585533766,0.11114157427705,0.00555569073482469,0.0820555637240752,-0.140186000364684,0.0988873606586737,-0.0311461710480397,0.0323792514017658,0.12136844236886,-0.0618701573105592,0.0195058365954157,-0.0127453578753371,0.123661753699816,0.0271424861688615,-0.0998128575937777,-0.0673774296181531,0.12833382896884,0.0639992352120035,-0.057640452868056,0.119594650467955,0.539949912968782,0.0476435874303147,0.0476341596360853,0.0279904695195424,0.173919585329471,-0.0226288125738063,-0.131958858126882,-0.0210469024199986,0.0021586817446711,0.0377485073216493,0.0569012261200604,0.111615552482739,0.155829270378856,-0.0113524094046132,0.138494799730982,0.0638470827690517,0.127408600398227,-0.0663638862417433,0.0984175414567312,-0.109165721050916,-0.0810673433822693,0.0651144284054421,0.128852722551701,0.0365866881575897,0.0792661014700115,-0.0658123329727586,0.0620506878225531,0.0348306664902465,0.0524286294619242,0.168703644582982,-0.0109319608212487,0.105785761595251,-0.0264222410919134,0.0714460629264316,-0.0169336999972364,0.0384863923751222,-0.0346186060615077,0.0511729105441253,-0.0324254343825439,-0.101810108066426,0.272471168974462,NA,NA,NA,NA,NA
"P6",0.0106525272791552,-0.0573946350552753,-0.0882123616495814,-0.00330126892408153,-0.0785907655023887,0.0842680483521851,-0.0798869120972896,-0.0988867718033012,-0.0916257505685144,-0.0676763798408991,0.0949150696476698,-0.161393271096294,-0.0491923608944123,0.0346878367019641,-0.293979294904054,0.046744099312547,0.0298589998190316,-0.0159493624964531,0.0184725593324134,0.0610305948893713,-0.197287028526694,0.017232931273661,-0.0374247095493152,-0.166275470226461,-0.112121395833014,-0.0628920569312971,-0.0561697709512864,-0.0578590964620612,-0.0261080493027921,-0.10656824845403,-0.0408189375012837,0.162437959879889,-0.0174590562112719,0.0302658966979036,-0.171884857872445,-0.0251427726548697,0.0304931509842982,0.470365117642723,-0.101852695464857,0.0466059333961909,0.0213380798905479,-0.0544871683032006,-0.262348195346985,0.0810173998753932,0.0260808863375021,-0.0765396152975622,0.0630011420023468,-0.0783225805844818,-0.02327912939421,0.086929684267194,-0.03321659797401,-0.0330493394170271,-0.229093675473336,0.0274577544265957,-0.179918748348028,-0.179088444031808,-0.118431587762592,0.0200816078718997,-0.103629143782291,-0.0829360042111398,0.132417288993411,-0.107485538614784,-0.0665667666639483,-0.120808515408756,-0.178247672909616,-0.0480847153532487,0.0477947830662353,-0.0236081713736018,0.115067826477693,0.0557353984316199,-0.0207735085724213,0.0749729668623015,0.0416234463761087,0.0276645823943932,0.0137022312350235,-0.155427009180602,-0.0135763243046457,-0.0330315875702519,NA,NA,NA,NA
"P7",0.00617921960512617,-0.0888852669571126,-0.0213990279275996,0.0380839463558781,-0.0520540457794786,-0.0350194173540794,-0.120488165994547,0.00431326720723959,-0.268630559788706,-0.0701230851462231,-0.0631826668601219,-0.168607628876159,0.0708726589002271,0.00965944733100497,-0.102855794793642,-0.122978890622255,-0.0569490930055348,0.164449098733726,-0.0411440877895113,-0.0697492137437175,0.0168975676741034,-0.0962224622049606,0.0287603312732389,-0.270122421595869,-0.100977309562664,-0.0969802002924407,0.0591139406379591,-0.14167523521446,-0.150766253332397,-0.0691215048605418,-0.0751140730086822,-0.184385994451611,0.00714654863192889,0.0432880020542434,-0.123002265196229,-0.1156250180844,-0.0634430110869251,0.0145631526717114,0.552122009683302,0.00545343209162092,-0.0656479174311028,-0.00797953481764317,-0.167980810049733,-0.170494725527573,-0.0236496632871602,-0.0714092981330903,-0.117504544733929,-0.0851673183871224,-0.0319590427024075,0.0536361579052659,0.0128496320882249,-0.0152951155207707,-0.150519472376364,-0.0120533853809938,0.0843682611144974,-0.07474345971352,-0.109087977643278,-0.104371593452305,0.0669293754958352,-0.0355142586275895,-0.152680181981347,-0.139878122115128,-0.0687043026691575,0.0853328158393433,0.0607524570059088,-0.029932478799702,-0.113352883669953,-0.00987567561529722,-0.0386638829601947,-0.00335059758950911,0.0218563697883953,-0.0686297878104253,-0.111193427678665,-0.112951746601322,-0.0269660672369212,-0.135672104079002,-0.0819236171849115,-0.0390956821221129,-0.0364262871946928,NA,NA,NA
"P8",-0.0525607744555977,-0.0536504691897676,-0.164848674567302,-0.0324024731427849,-0.0307727139003352,0.0429179020462433,-0.0522921005535014,0.0331548160466224,-0.264550413435572,0.219934258182524,-0.109385580583052,-0.0953471027565084,-0.0284917482805119,0.108648949959267,0.0163648831899651,-0.0616619118565632,-0.0476418506675667,0.0822860497865321,0.0245112858131192,-0.0938698737638733,-0.0674012519936712,-0.0921573855970586,0.0452673317119645,-0.253025665184742,0.0796336136097367,0.0751515100599775,0.0148555391500301,-0.109435280431598,-0.19168357651609,-0.100885144136048,0.0143670033356371,-0.224758960802766,-0.112278215095331,-0.0581651388357555,-0.120589589535634,-0.130254693816172,-0.179724292303105,0.0276175382933624,-0.00479411513267293,0.437183007838856,0.00961331193039577,0.0303572313887033,-0.153568403779616,-0.11207499580768,-0.160150203093872,0.0264011938756085,-0.0687343921351527,0.0321658318451062,-0.0227832833010214,0.00645604552914295,0.0461236929638659,-0.121275761632756,-0.118955132229236,-0.128021120651823,0.141114777251892,-0.120577690892195,-0.066980123786068,0.0763260545013712,0.0684656638578975,0.0944782260711836,-0.110465947290096,-0.115054823717526,-0.0773468312818975,-0.0693716175798251,-0.190920356030396,0.130391809905166,-0.0520819842702933,0.0577911245414498,-0.0340841800371482,-0.0661644105050414,-0.137074958914259,0.0724397920600558,-0.152148387662443,-0.0551012487047525,0.100729360199575,-0.158688320897589,0.19421765661492,0.0379066764802284,-0.0731429889093473,0.0581166985131574,NA,NA
"P9",-0.0394156328929597,-0.0971541457518421,0.0423989175827048,0.0514726557158192,-0.0416570736670342,0.0698714417323664,0.0572884024951972,-0.0212075499591905,0.113706979406665,-0.0673110414277776,-0.0114367109735418,0.0715158369691649,0.00730331516497757,0.0718881537988222,-0.0822398643595506,-0.00870609136815485,0.0274219705687447,0.0285946939639235,0.0359039387240883,0.195373487353909,-0.167130939194691,-0.0252251001424917,0.00494479265514474,-0.101564196430306,0.054339186988681,0.000936363166998793,0.0210820596804925,0.0114958440595735,0.0222277659524411,0.12882627713727,-0.00292954095696285,-0.0538569946529611,0.153473239006192,0.0936507306577953,-0.0561553542478644,0.0049661333368287,0.270524987063243,-0.0224061038933389,0.0922204600640466,0.00167397842055338,0.503230997992354,0.0305418403934141,-0.115651151485816,0.040152862044003,0.0878325781066171,-0.0262443513488112,0.0108248248485094,-0.00935311374212543,-0.043864373904908,0.133506378901245,-0.0906831557166493,0.128584810412926,0.111384433241666,-0.00332205963439397,0.103418584533394,0.10751642046808,-0.0321922209194446,0.00505599763649936,-0.0487895651928426,-0.0250637644289385,-0.0405438002973797,-0.198338830201162,-0.0782884918097737,-0.102642807178539,-0.0453566201303822,0.0176462064153948,0.00207218456512828,0.0347387316185168,-0.00777072471226374,0.129137346934792,-0.0125080694702588,0.0669145383625265,-0.208177710561194,0.0702285319629689,0.117902044461022,-0.0326678817407757,0.0346341098016094,0.186679258280598,0.00265488485635472,0.0615218341858483,-0.0851242875876227,NA
