w1;w2;w3;w4;w5;w6;w7;w8;w9;w10;w11;w12;w13;w14;w15;;;;;;;;;;;;;;;;;;;;;;;;;;;;;;;;;;;;;;;;;;;;;;;;;;;;;;;;;;;;;;;;;;;;;;;;;;;;;;;;;;;;;;;;;;
RT;start_rt;end_rt;area;rel_area;height;rel_height;RT;start_rt;end_rt;area;rel_area;height;rel_height;RT;start_rt;end_rt;area;rel_area;height;rel_height;RT;start_rt;end_rt;area;rel_area;height;rel_height;RT;start_rt;end_rt;area;rel_area;height;rel_height;RT;start_rt;end_rt;area;rel_area;height;rel_height;RT;start_rt;end_rt;area;rel_area;height;rel_height;RT;start_rt;end_rt;area;rel_area;height;rel_height;RT;start_rt;end_rt;area;rel_area;height;rel_height;RT;start_rt;end_rt;area;rel_area;height;rel_height;RT;start_rt;end_rt;area;rel_area;height;rel_height;RT;start_rt;end_rt;area;rel_area;height;rel_height;RT;start_rt;end_rt;area;rel_area;height;rel_height;RT;start_rt;end_rt;area;rel_area;height;rel_height;RT;start_rt;end_rt;area;rel_area;height;rel_height
0,5;0,36;0,54;9610;0,21;2303;0,18;0,84;0,79;0,96;39632;0,89;18149;1,6;0,84;0,79;0,95;3823;0,04;1739;0,13;0,18;0,12;0,33;3977;0,1;1003;0,12;0,84;0,79;1,06;16686;0,4;8015;1,01;0,58;0,46;0,63;1785;0,21;0,58;0,21;0,16;0,11;0,32;15042;0,19;3963;0,19;0,56;0,45;0,77;5589;0,23;0,97;0,17;0,82;0,78;1,05;0,686;0,04;0,227;0,08;0,82;0,76;0,94;10064;0,19;4587;0,47;0,82;0,77;0,94;16295;0,27;7866;0,74;0,16;0,11;0,32;8002;0,2;2156;0,18;0,16;0,11;0,32;4785;0,13;1210;0,14;0,56;0,44;0,77;15864;0,34;2898;0,25;0,56;0,44;0,61;17643;0,21;5289;0,27
0,58;0,54;0,79;15923;0,34;3633;0,28;1,59;1,52;1,68;8699;0,2;4233;0,37;5;4,97;5,27;10592;0,11;1153;0,09;0,58;0,46;0,63;6883;0,18;2135;0,25;1,59;1,51;1,67;4212;0,1;2150;0,27;0,84;0,63;0,95;7938;0,91;3106;1,11;0,48;0,44;0,51;6576;0,08;2755;0,13;0,82;0,77;0,93;8130;0,33;3731;0,65;6,49;6,32;6,64;1669;0,1;0,229;0,08;1,57;1,51;1,66;3646;0,07;1810;0,19;1,57;1,51;1,65;3595;0,06;1855;0,18;0,4;0,33;0,44;5051;0,13;2100;0,18;0,56;0,45;0,62;9073;0,25;2784;0,31;0,82;0,77;0,93;30453;0,65;14361;1,25;0,65;0,61;0,68;5512;0,06;2322;0,12
0,84;0,79;0,96;45961;0,98;21827;1,69;1,9;1,85;2,23;8911;0,2;3039;0,27;5,41;5,38;5,92;10793;0,11;1714;0,13;0,67;0,63;0,7;2349;0,06;0,99;0,12;1,89;1,84;2,21;4636;0,11;1381;0,17;1,58;1,51;1,67;3858;0,44;1967;0,71;0,56;0,51;0,62;27749;0,35;9490;0,45;1,57;1,5;1,65;3736;0,15;1857;0,32;6,67;6,64;6,71;1002;0,06;0,645;0,24;1,88;1,83;2,2;3839;0,07;1085;0,11;1,88;1,83;2,2;4566;0,07;1183;0,11;0,48;0,44;0,51;5708;0,14;2622;0,22;0,65;0,62;0,68;2692;0,08;1200;0,14;1,57;1,5;1,76;14809;0,31;7250;0,63;0,73;0,68;0,77;6606;0,08;2410;0,12
1,59;1,52;1,68;18337;0,39;9456;0,73;2,68;2,64;2,84;6757;0,15;3807;0,34;6,11;5,94;6,25;4655;0,05;1400;0,11;0,75;0,7;0,79;2818;0,07;1051;0,12;2,68;2,64;2,83;3756;0,09;2081;0,26;1,89;1,78;1,94;2617;0,3;1300;0,47;0,65;0,62;0,68;9685;0,12;4076;0,19;1,88;1,83;2,24;4972;0,2;1137;0,2;7,12;7,05;7,36;0,944;0,06;0,284;0,1;2,66;2,62;2,75;1825;0,04;1040;0,11;2,66;2,63;2,82;3058;0,05;1677;0,16;0,56;0,51;0,61;11064;0,28;4422;0,38;0,73;0,68;0,77;3302;0,09;1235;0,14;1,88;1,83;1,93;9252;0,2;4865;0,42;0,82;0,77;0,93;52318;0,61;24422;1,24
1,9;1,85;1,95;13021;0,28;6889;0,53;6,37;6,33;6,4;7833;0,18;2410;0,21;6,47;6,33;6,58;8842;0,09;1458;0,11;0,84;0,79;0,95;20280;0,53;9526;1,11;6,48;6,32;6,54;8557;0,2;1462;0,18;2,09;1,95;2,26;2954;0,34;0,755;0,27;0,73;0,68;0,77;11080;0,14;4046;0,19;2,47;2,4;2,59;3356;0,14;1095;0,19;7,58;7,39;7,61;0,916;0,05;0,235;0,09;6,09;6,03;6,19;2435;0,05;1023;0,11;6,35;6,31;6,38;3120;0,05;0,984;0,09;0,82;0,62;0,93;55450;1,4;24764;2,12;0,82;0,77;0,93;23552;0,66;11232;1,27;2,08;1,93;2,25;7101;0,15;1444;0,13;1,57;1,5;1,66;17365;0,2;8551;0,43
2,1;1,95;2,27;13644;0,29;2685;0,21;6,42;6,4;6,46;6543;0,15;2380;0,21;6,61;6,58;6,66;2607;0,03;1047;0,08;1,59;1,52;1,68;7784;0,2;3860;0,45;6,68;6,56;6,73;12111;0,29;7220;0,91;2,33;2,28;2,41;1639;0,19;0,566;0,2;0,82;0,77;0,87;72406;0,91;35678;1,69;2,66;2,61;2,89;3395;0,14;0,863;0,15;7,65;7,61;7,76;2432;0,14;1029;0,38;6,35;6,31;6,38;3453;0,07;1110;0,11;6,4;6,38;6,43;2871;0,05;1202;0,11;1,57;1,5;1,66;18622;0,47;9549;0,82;1,57;1,5;1,66;8679;0,24;4461;0,5;2,47;2,26;2,59;11747;0,25;2985;0,26;1,88;1,83;1,93;11379;0,13;5805;0,29
2,49;2,28;2,55;15355;0,33;4196;0,32;6,48;6,46;6,59;13854;0,31;3554;0,31;6,68;6,66;6,76;4221;0,04;2556;0,2;1,89;1,78;1,94;5948;0,15;2950;0,34;7,14;7,08;7,38;4158;0,1;1175;0,15;2,48;2,41;2,54;4071;0,47;1704;0,61;1,58;1,5;1,66;31840;0,4;16181;0,77;3,77;3,71;3,9;1713;0,07;0,708;0,12;7,92;7,82;8;0,597;0,04;0,231;0,09;6,4;6,38;6,43;2761;0,05;1234;0,13;6,46;6,43;6,64;9023;0,15;1635;0,15;1,88;1,83;1,93;12769;0,32;6652;0,57;1,88;1,83;1,92;5475;0,15;2952;0,33;2,66;2,6;2,89;10204;0,22;2966;0,26;2,08;1,93;2,25;12504;0,15;2758;0,14
2,58;2,55;2,62;3792;0,08;1975;0,15;6,61;6,59;6,63;3070;0,07;1826;0,16;7,13;7,09;7,38;6388;0,07;2196;0,17;2,09;1,94;2,26;4332;0,11;0,989;0,12;7,67;7,57;7,72;21934;0,52;11137;1,4;2,57;2,54;2,61;1535;0,18;0,745;0,27;1,88;1,83;1,92;20092;0,25;10855;0,51;4,07;4,02;4,36;5043;0,21;1109;0,19;10,73;10,64;10,83;2351;0,14;0,832;0,31;6,46;6,43;6,53;3256;0,06;1086;0,11;6,67;6,64;6,71;8942;0,15;5934;0,56;2,08;1,93;2,25;13305;0,34;2682;0,23;2,08;1,93;2,25;6658;0,19;1497;0,17;3,77;3,7;3,9;5552;0,12;2345;0,2;2,47;2,26;2,53;18533;0,22;5888;0,3
2,68;2,63;2,86;15411;0,33;6170;0,48;6,64;6,63;6,66;2251;0,05;1463;0,13;7,67;7,49;7,79;7805;0,08;2269;0,17;2,48;2,41;2,61;6292;0,16;2096;0,24;7,76;7,72;7,8;4843;0,12;2673;0,34;2,68;2,61;2,71;3322;0,38;1198;0,43;2,08;1,93;2,25;19105;0,24;4603;0,22;5,36;5,28;5,38;1567;0,06;0,855;0,15;10,96;10,85;11,08;1115;0,07;0,338;0,12;6,6;6,55;6,64;1930;0,04;0,929;0,1;7,12;7,06;7,36;5847;0,1;1638;0,16;2,47;2,26;2,53;14810;0,37;4154;0,36;2,31;2,26;2,39;3270;0,09;1170;0,13;4,07;4,02;4,56;19299;0,41;3004;0,26;2,56;2,53;2,59;4611;0,05;2448;0,12
3,23;3,2;3,29;3968;0,09;2447;0,19;6,69;6,66;6,73;26415;0,59;17606;1,55;7,94;7,84;7,99;12978;0,14;7058;0,54;2,68;2,62;2,91;6787;0,18;1801;0,21;7,95;7,85;8,19;349558;8,34;193155;24,25;2,75;2,71;2,91;2313;0,27;0,504;0,18;2,31;2,26;2,39;8138;0,1;2923;0,14;5,4;5,38;5,45;7271;0,3;3449;0,6;12,1;12;12,25;1744;0,1;0,406;0,15;6,67;6,64;6,71;6094;0,12;4036;0,41;7,65;7,55;7,71;19020;0,31;9895;0,94;2,56;2,53;2,6;3647;0,09;1929;0,17;2,47;2,39;2,53;8042;0,22;3316;0,37;5,36;5,28;5,38;4272;0,09;2260;0,2;2,66;2,6;2,89;20461;0,24;6012;0,31
3,79;3,72;3,92;8991;0,19;3793;0,29;7,02;6,86;7,07;7656;0,17;1721;0,15;10,77;10,68;10,86;5691;0,06;1642;0,13;3,78;3,72;3,92;3007;0,08;1226;0,14;8,32;8,22;8,45;5246;0,13;1836;0,23;3,22;3,19;3,28;0,814;0,09;0,505;0,18;2,47;2,39;2,53;22527;0,28;9936;0,47;5,46;5,45;5,64;4518;0,19;0,816;0,14;13,03;12,96;13,19;1804;0,11;0,381;0,14;7,11;7,05;7,36;6969;0,13;1840;0,19;7,74;7,71;7,78;4066;0,07;2270;0,21;2,66;2,61;2,89;14680;0,37;5290;0,45;2,56;2,53;2,6;3019;0,08;1444;0,16;5,4;5,38;5,44;6822;0,14;3365;0,29;3,77;3,7;3,9;8391;0,1;3359;0,17
4,09;4,04;4,11;7330;0,16;3903;0,3;7,15;7,09;7,4;6815;0,15;1884;0,17;13,08;13,01;13,24;8423;0,09;2027;0,16;4,08;4,04;4,58;12205;0,32;1812;0,21;9,84;9,76;9,89;3414;0,08;1158;0,15;3,78;3,64;3,91;2929;0,34;1110;0,4;2,56;2,53;2,59;7552;0,09;4017;0,19;6,09;6,03;6,2;1881;0,08;0,761;0,13;13,42;13,3;13,65;14043;0,82;3948;1,45;7,65;7,55;7,7;16150;0,31;8115;0,83;7,92;7,83;8,16;295082;4,83;162938;15,43;3,21;3,18;3,3;4169;0,11;2531;0,22;2,66;2,6;2,89;11510;0,32;2783;0,31;5,46;5,44;5,64;9779;0,21;1452;0,13;4,07;4,02;4,36;23270;0,27;5427;0,28
4,12;4,11;4,14;2298;0,05;1914;0,15;7,68;7,57;7,73;17439;0,39;7576;0,67;13,48;13,39;13,7;14127;0,15;3505;0,27;5,38;5,29;5,4;2254;0,06;1200;0,14;10,77;10,68;10,86;5127;0,12;1753;0,22;4,08;4,03;4,13;3462;0,4;1739;0,62;2,66;2,6;2,84;29798;0,37;8920;0,42;6,34;6,31;6,42;7796;0,32;1729;0,3;13,87;13,67;13,99;1510;0,09;0,25;0,09;7,73;7,7;7,79;3195;0,06;1641;0,17;8,3;8,19;8,43;5149;0,08;1590;0,15;3,77;3,7;3,9;9095;0,23;3896;0,33;3,77;3,71;3,9;6175;0,17;2496;0,28;6,09;6,03;6,2;4046;0,09;1567;0,14;5,36;5,28;5,38;6748;0,08;3667;0,19
4,19;4,14;4,3;9489;0,2;2034;0,16;7,76;7,73;7,82;11958;0,27;6715;0,59;14,6;14,49;14,79;36283;0,38;8809;0,68;5,42;5,4;5,73;10409;0,27;1622;0,19;13,09;12,98;13,23;6201;0,15;1349;0,17;4,15;4,13;4,19;1449;0,17;0,563;0,2;3,21;3,15;3,3;7646;0,1;4646;0,22;6,45;6,42;6,55;11397;0,47;2920;0,51;14,09;14,02;14,23;1697;0,1;0,418;0,15;7,92;7,83;8,16;205558;3,95;117658;12,08;9,81;9,72;9,86;3668;0,06;1038;0,1;4,07;4,02;4,12;8717;0,22;3608;0,31;4,07;4,02;4,36;13682;0,38;3166;0,36;6,35;6,31;6,39;17840;0,38;5143;0,45;5,4;5,38;5,44;11456;0,13;5354;0,27
4,63;4,6;4,69;2970;0,06;1854;0,14;7,96;7,85;8,19;921862;20,75;480116;42,32;15,03;14,91;15,17;28653;0,3;5187;0,4;6,36;6,32;6,4;6848;0,18;2082;0,24;13,48;13,37;13,84;21088;0,5;4298;0,54;4,21;4,19;4,37;2618;0,3;0,574;0,21;3,77;3,71;3,9;15537;0,19;6335;0,3;6,56;6,55;6,58;1139;0,05;0,751;0,13;14,53;14,39;14,72;8911;0,52;2167;0,8;8,3;8,19;8,43;4096;0,08;1156;0,12;10,73;10,64;10,82;4788;0,08;1612;0,15;4,17;4,12;4,36;11589;0,29;1815;0,16;5,12;5,04;5,24;3782;0,11;1167;0,13;6,4;6,39;6,43;7105;0,15;3512;0,3;5,46;5,44;5,64;16066;0,19;2398;0,12
5,14;5,06;5,21;5564;0,12;2061;0,16;8,33;8,22;8,46;12914;0,29;4758;0,42;15,81;15,69;15,93;32270;0,34;5886;0,45;6,42;6,4;6,44;3714;0,1;1568;0,18;14,17;13,86;14,41;12657;0,3;1817;0,23;5,13;5,1;5,26;1887;0,22;0,616;0,22;4,07;4,02;4,12;19979;0,25;10247;0,48;6,59;6,58;6,6;1200;0,05;0,836;0,15;14,96;14,84;15,09;14556;0,85;2258;0,83;10,73;10,62;10,84;4877;0,09;1394;0,14;13,01;12,94;13,18;7853;0,13;1686;0,16;5,12;5,04;5,18;4897;0,12;1856;0,16;5,36;5,28;5,38;4369;0,12;2459;0,28;6,46;6,43;6,52;19641;0,42;5240;0,45;6,09;6,03;6,2;7505;0,09;2869;0,15
5,24;5,21;5,28;3786;0,08;2224;0,17;9,85;9,78;9,9;8396;0,19;3218;0,28;16,02;15,93;16,12;24905;0,26;5513;0,42;6,47;6,44;6,49;5750;0,15;2610;0,3;14,6;14,44;14,78;23466;0,56;4795;0,6;5,37;5,29;5,39;2421;0,28;1362;0,49;4,14;4,12;4,18;9146;0,11;3168;0,15;6,62;6,6;6,64;1906;0,08;1012;0,18;15,17;15,12;15,24;1429;0,08;0,441;0,16;10,97;10,88;11,18;3865;0,07;1068;0,11;13,42;13,32;13,65;20070;0,33;5294;0,5;5,22;5,18;5,26;3046;0,08;1714;0,15;5,4;5,38;5,44;9083;0,25;4589;0,52;6,52;6,52;6,55;3145;0,07;2077;0,18;6,35;6,31;6,43;32809;0,38;6814;0,35
5,38;5,29;5,4;8431;0,18;3033;0,23;10,77;10,7;10,86;4716;0,11;1559;0,14;16,33;16,22;16,47;84378;0,88;17357;1,33;6,5;6,49;6,59;6507;0,17;2032;0,24;14,99;14,91;15,18;31049;0,74;5148;0,65;5,41;5,39;5,45;3173;0,37;1513;0,54;4,2;4,18;4,36;14136;0,18;3299;0,16;6,67;6,64;6,71;5462;0,22;3453;0,6;15,54;15,39;15,59;1222;0,07;0,219;0,08;11,76;11,69;11,92;7290;0,14;1688;0,17;14,1;14,04;14,34;5286;0,09;1234;0,12;5,36;5,28;5,38;6557;0,17;2686;0,23;5,46;5,44;5,48;3249;0,09;1590;0,18;6,56;6,55;6,58;3239;0,07;1940;0,17;6,46;6,43;6,55;33624;0,39;8168;0,41
5,42;5,4;5,46;14102;0,3;7042;0,54;11,01;10,9;11,13;8453;0,19;1935;0,17;16,72;16,66;16,76;15932;0,17;4099;0,31;6,61;6,59;6,62;1705;0,04;1202;0,14;15,25;15,19;15,31;7988;0,19;2295;0,29;5,47;5,45;5,49;1473;0,17;0,748;0,27;5,12;5,04;5,24;11627;0,15;3592;0,17;7,12;7,06;7,2;4460;0,18;1836;0,32;15,74;15,6;15,86;4385;0,26;0,69;0,25;12,09;11,97;12,4;9385;0,18;1248;0,13;14,53;14,38;14,73;18387;0,3;4007;0,38;5,4;5,38;5,44;11273;0,28;5354;0,46;5,5;5,48;5,54;2898;0,08;1176;0,13;6,59;6,58;6,61;3142;0,07;2108;0,18;6,56;6,55;6,58;4117;0,05;2535;0,13
5,48;5,46;5,57;10029;0,21;2349;0,18;12,16;12,06;12,31;8271;0,19;2251;0,2;16,85;16,76;16,95;192435;2;44001;3,38;6,63;6,62;6,66;2712;0,07;1526;0,18;15,4;15,33;15,45;4110;0,1;0,969;0,12;5,51;5,49;5,56;1376;0,16;0,53;0,19;5,36;5,28;5,38;15898;0,2;7889;0,37;7,24;7,2;7,39;3476;0,14;0,799;0,14;15,94;15,86;16,04;4019;0,24;0,89;0,33;12,67;12,53;12,89;8038;0,15;0,967;0,1;14,95;14,84;15,09;29323;0,48;4807;0,46;5,46;5,44;5,55;9326;0,24;2202;0,19;5,58;5,54;5,64;4136;0,12;1217;0,14;6,62;6,61;6,64;4003;0,08;2284;0,2;6,6;6,58;6,61;4880;0,06;3107;0,16
5,6;5,57;5,66;6334;0,14;2055;0,16;13,09;13;13,35;16133;0,36;3244;0,29;17,25;17,16;17,28;6589;0,07;1532;0,12;6,68;6,66;6,73;12457;0,32;8081;0,94;15,63;15,47;15,69;5648;0,13;1133;0,14;5,59;5,56;5,61;1239;0,14;0,611;0,22;5,4;5,38;5,44;39776;0,5;22871;1,08;7,67;7,51;7,71;7757;0,32;2700;0,47;16,3;16,16;16,42;14475;0,85;1874;0,69;13,03;12,92;13,17;30537;0,59;7461;0,77;15,18;15,12;15,24;4343;0,07;1227;0,12;5,58;5,55;5,64;5778;0,15;1884;0,16;6,09;6,03;6,19;3706;0,1;1326;0,15;6,67;6,64;6,71;21031;0,45;13708;1,19;6,62;6,61;6,64;5435;0,06;3205;0,16
6,11;6,04;6,32;9946;0,21;2577;0,2;13,49;13,39;13,71;70547;1,59;20197;1,78;17,32;17,28;17,43;8975;0,09;2039;0,16;7,14;7,07;7,39;6642;0,17;1685;0,2;15,82;15,7;15,94;15117;0,36;2223;0,28;5,63;5,61;5,66;0,836;0,1;0,474;0,17;5,46;5,44;5,48;8448;0,11;4287;0,2;7,73;7,71;7,79;2955;0,12;1528;0,27;16,65;16,59;16,67;3011;0,18;0,971;0,36;13,41;13,31;13,51;21284;0,41;4562;0,47;15,75;15,62;15,85;13628;0,22;2584;0,24;6,09;6,02;6,2;5932;0,15;2068;0,18;6,35;6,31;6,39;9932;0,28;2965;0,33;7,12;7,05;7,36;9645;0,2;2473;0,21;6,67;6,64;6,71;35902;0,42;23574;1,2
6,36;6,33;6,45;58001;1,24;15354;1,19;13,95;13,88;14,08;9172;0,21;1665;0,15;17,53;17,45;17,61;15767;0,16;3722;0,29;7,69;7,44;7,73;12178;0,32;3136;0,36;16,01;15,94;16,11;14191;0,34;3043;0,38;6,1;6,03;6,21;1718;0,2;0,626;0,22;5,5;5,48;5,55;7922;0,1;3151;0,15;7,92;7,8;8,12;159265;6,54;88084;15,37;16,76;16,67;16,86;44627;2,62;8609;3,17;13,58;13,51;13,6;7481;0,14;1882;0,19;15,95;15,87;16,04;14820;0,24;3478;0,33;6,35;6,31;6,39;23516;0,59;6976;0,6;6,4;6,39;6,43;5194;0,14;2344;0,26;7,66;7,45;7,71;21741;0,46;5347;0,46;7,13;7,05;7,37;17365;0,2;3453;0,18
6,48;6,45;6,57;40123;0,86;10490;0,81;14,17;14,1;14,41;17139;0,39;4098;0,36;17,77;17,68;17,92;30561;0,32;6375;0,49;7,76;7,73;7,81;6007;0,16;3284;0,38;16,36;16,23;16,5;46060;1,1;6896;0,87;6,36;6,32;6,4;2853;0,33;0,864;0,31;5,58;5,55;5,64;10881;0,14;3219;0,15;8,28;8,21;8,42;14700;0,6;5584;0,97;17,23;17,06;17,32;2352;0,14;0,437;0,16;13,62;13,6;13,67;6011;0,12;1837;0,19;16,29;16,15;16,42;34748;0,57;4991;0,47;6,4;6,39;6,43;9609;0,24;4542;0,39;6,46;6,43;6,52;16548;0,46;4710;0,53;7,74;7,71;7,79;10167;0,22;5375;0,47;7,67;7,45;7,71;24316;0,28;6143;0,31
6,58;6,57;6,6;4773;0,1;2842;0,22;14,61;14,44;14,79;58223;1,31;13019;1,15;18,37;18,26;18,51;333971;3,48;55308;4,25;7,95;7,85;8,2;436131;11,3;242675;28,24;16,85;16,67;16,94;82354;1,96;14011;1,76;6,42;6,4;6,44;1994;0,23;0,872;0,31;6,34;6,31;6,43;102350;1,28;31989;1,51;8,49;8,43;8,64;163307;6,71;71494;12,48;17,43;17,33;17,56;3968;0,23;0,741;0,27;13,72;13,67;13,78;5436;0,1;1285;0,13;16,66;16,59;16,67;7252;0,12;2359;0,22;6,46;6,43;6,55;30649;0,77;7341;0,63;6,53;6,52;6,55;2905;0,08;1768;0,2;7,93;7,81;8,18;638298;13,54;346956;30,1;7,74;7,71;7,79;17215;0,2;8980;0,46
6,61;6,6;6,63;5004;0,11;3182;0,25;15,04;14,93;15,18;72147;1,62;12788;1,13;18,85;18,76;18,87;51486;0,54;12445;0,96;8,31;8,23;8,44;12125;0,31;4341;0,51;17,06;16,95;17,15;9692;0,23;1841;0,23;6,47;6,44;6,49;4014;0,46;1811;0,65;6,46;6,43;6,55;49099;0,62;18093;0,86;8,98;8,89;9,18;17282;0,71;7399;1,29;17,68;17,59;17,9;7409;0,43;1205;0,44;13,95;13,8;14,03;8895;0,17;1372;0,14;16,76;16,67;16,86;87802;1,44;17814;1,69;6,56;6,55;6,58;3901;0,1;2380;0,2;6,56;6,55;6,58;2748;0,08;1645;0,19;8,29;8,2;8,43;20197;0,43;6705;0,58;7,94;7,81;8,18;1089208;12,7;553790;28,14
6,64;6,63;6,66;5196;0,11;3076;0,24;15,26;15,2;15,32;7941;0,18;2535;0,22;18,92;18,87;19,02;83239;0,87;16099;1,24;8,51;8,46;8,67;69367;1,8;29122;3,39;17,24;17,17;17,27;3709;0,09;1017;0,13;6,5;6,49;6,53;2580;0,3;1464;0,52;6,62;6,55;6,64;7749;0,1;2979;0,14;9,63;9,53;9,7;2364;0,1;0,689;0,12;18,32;18,17;18,42;91374;5,36;17684;6,52;14,11;14,03;14,36;24115;0,46;4251;0,44;16,99;16,88;17,06;5105;0,08;1004;0,1;6,59;6,58;6,61;4728;0,12;2904;0,25;6,59;6,58;6,6;2368;0,07;1633;0,18;8,49;8,44;8,65;131800;2,8;55703;4,83;8,29;8,2;8,43;29904;0,35;9799;0,5
6,69;6,66;6,73;36217;0,78;23338;1,8;15,86;15,69;15,95;16312;0,37;2411;0,21;19,15;19,05;19,28;33121;0,34;5047;0,39;9;8,78;9,21;13199;0,34;4588;0,53;17,28;17,27;17,29;0,965;0,02;0,904;0,11;6,54;6,53;6,56;1284;0,15;0,745;0,27;6,67;6,64;6,71;40438;0,51;27187;1,29;9,78;9,72;10,05;31826;1,31;11136;1,94;18,81;18,65;18,93;27117;1,59;3933;1,45;14,54;14,4;14,7;73426;1,41;15307;1,57;17,24;17,09;17,33;8886;0,15;1407;0,13;6,62;6,61;6,64;4999;0,13;2883;0,25;6,62;6,6;6,64;3548;0,1;1963;0,22;8,98;8,76;9,18;20182;0,43;6707;0,58;8,49;8,44;8,65;229728;2,68;99683;5,06
6,88;6,86;6,93;10753;0,23;3960;0,31;16,02;15,95;16,11;12705;0,29;2890;0,25;19,39;19,3;19,52;38665;0,4;7691;0,59;9,82;9,76;9,89;15710;0,41;5539;0,64;17,3;17,29;17,39;3443;0,08;0,913;0,11;6,58;6,56;6,59;1287;0,15;0,773;0,28;6,86;6,84;7,04;26525;0,33;8708;0,41;10,12;10,05;10,26;117728;4,83;41800;7,3;19,02;18,94;19,11;5156;0,3;0,992;0,37;14,92;14,83;15,02;43989;0,84;6807;0,7;17,44;17,33;17,58;13843;0,23;2588;0,25;6,67;6,64;6,72;32374;0,82;20669;1,77;6,67;6,64;6,71;15210;0,42;9663;1,09;9,78;9,71;9,86;24679;0,52;7757;0,67;8,98;8,76;9,18;30272;0,35;9750;0,5
6,94;6,93;6,99;4926;0,11;1997;0,15;16,39;16,26;16,52;105340;2,37;18753;1,65;19,62;19,54;19,73;16582;0,17;2938;0,23;10,15;9,9;10,3;53398;1,38;16972;1,97;17,54;17,41;17,6;10560;0,25;2096;0,26;6,61;6,59;6,62;1056;0,12;0,726;0,26;7,13;7,05;7,2;11193;0,14;5071;0,24;10,72;10,65;10,81;31008;1,27;12745;2,22;19,31;19,21;19,45;9832;0,58;1220;0,45;15,08;15,02;15,12;18588;0,36;3977;0,41;17,69;17,61;17,81;19483;0,32;3285;0,31;7;6,84;7,04;9387;0,24;1685;0,14;7,12;7,05;7,37;10805;0,3;2571;0,29;9,91;9,86;10,06;10069;0,21;1459;0,13;9,78;9,72;9,86;35629;0,42;11879;0,6
7,02;6,99;7,06;4647;0,1;2438;0,19;16,74;16,67;16,75;4539;0,1;1473;0,13;20;19,92;20,16;44154;0,46;6256;0,48;10,77;10,71;10,85;15926;0,41;6425;0,75;17,78;17,68;17,87;19505;0,47;3480;0,44;6,63;6,62;6,65;1474;0,17;0,825;0,3;7,24;7,2;7,37;13468;0,17;2959;0,14;11,84;11,73;11,94;38147;1,57;13962;2,44;19,51;19,45;19,66;2423;0,14;0,471;0,17;15,18;15,12;15,25;33753;0,65;8298;0,85;17,86;17,81;17,93;5329;0,09;1140;0,11;7,13;7,05;7,37;11621;0,29;3021;0,26;7,67;7,45;7,71;18975;0,53;4403;0,5;10,12;10,06;10,27;91158;1,93;32275;2,8;9,92;9,87;10,06;15524;0,18;2604;0,13
7,15;7,12;7,22;7669;0,16;3743;0,29;16,87;16,75;16,98;177691;4;36217;3,19;20,69;20,56;20,82;327828;3,41;42994;3,3;11,88;11,76;12,01;17895;0,46;6223;0,72;17,94;17,87;18,01;7714;0,18;1476;0,19;6,68;6,65;6,72;6697;0,77;4208;1,51;7,57;7,46;7,6;12642;0,16;2764;0,13;12,63;12,52;12,84;4760;0,2;0,779;0,14;19,95;19,82;19,95;7104;0,42;1830;0,67;15,32;15,25;15,39;14619;0,28;3462;0,36;18,33;18,17;18,42;113083;1,85;15329;1,45;7,66;7,45;7,71;27725;0,7;7413;0,63;7,74;7,71;7,79;7828;0,22;3964;0,45;10,73;10,6;10,81;22511;0,48;8638;0,75;10,12;10,06;10,27;144512;1,69;50484;2,56
7,34;7,22;7,44;7431;0,16;1930;0,15;17,08;16,99;17,17;9280;0,21;1626;0,14;21,28;21,13;21,41;202637;2,11;38930;2,99;13,2;12,98;13,33;24385;0,63;6322;0,74;18,42;18,25;18,51;107370;2,56;13039;1,64;7,14;7,06;7,21;1819;0,21;0,821;0,29;7,66;7,6;7,71;43309;0,54;16295;0,77;13,15;12,97;13,28;44365;1,82;13337;2,33;19,96;19,95;20,14;8159;0,48;1832;0,68;15,45;15,4;15,5;4868;0,09;1709;0,18;18,74;18,66;18,77;31168;0,51;8192;0,78;7,74;7,71;7,79;14761;0,37;7987;0,68;7,93;7,8;8,19;451100;12,58;247169;27,9;10,97;10,84;11,07;9868;0,21;2244;0,19;10,73;10,66;10,81;33795;0,39;13107;0,67
7,69;7,47;7,73;37882;0,81;11461;0,89;17,35;17,2;17,43;22915;0,52;3481;0,31;21,52;21,44;21,59;13491;0,14;2790;0,21;13,48;13,38;13,65;7556;0,2;1851;0,22;18,83;18,74;19;82837;1,98;10267;1,29;7,33;7,22;7,38;2224;0,26;0,506;0,18;7,74;7,71;7,8;22822;0,29;10900;0,52;13,42;13,34;13,64;10854;0,45;2764;0,48;20,6;20,45;20,73;69956;4,11;8770;3,23;15,56;15,5;15,64;8875;0,17;2274;0,23;18,81;18,77;18,91;45023;0,74;9039;0,86;7,94;7,8;8,17;970778;24,5;509348;43,62;8,28;8,2;8,43;17555;0,49;6215;0,7;11,84;11,71;11,95;26345;0,56;8123;0,7;10,97;10,83;11,07;14888;0,17;2964;0,15
7,77;7,73;7,82;16995;0,36;8983;0,69;17,54;17,43;17,68;30225;0,68;4849;0,43;21,65;21,59;21,72;7957;0,08;1649;0,13;14,16;13,89;14,4;6323;0,16;1043;0,12;19,16;19,02;19,29;30917;0,74;4828;0,61;7,54;7,47;7,56;1408;0,16;0,475;0,17;7,94;7,81;8,19;1222442;15,32;628603;29,72;14,08;13,71;14,16;5382;0,22;1057;0,18;21,14;20,99;21,28;45020;2,64;8108;2,99;15,76;15,65;15,88;42189;0,81;6388;0,66;19,04;18,93;19,05;11255;0,18;3375;0,32;8,29;8,2;8,43;25627;0,65;8633;0,74;8,49;8,44;8,64;154244;4,3;65057;7,34;12,1;12;12,25;9061;0,19;2304;0,2;11,84;11,71;11,96;36799;0,43;12220;0,62
7,97;7,83;8,21;1074950;23,04;546129;42,22;17,79;17,71;17,9;46780;1,05;8765;0,77;21,81;21,73;21,94;20064;0,21;2903;0,22;14,6;14,43;14,67;10138;0,26;2220;0,26;19,39;19,31;19,46;21901;0,52;4071;0,51;7,59;7,56;7,62;1729;0,2;0,799;0,29;8,29;8,21;8,43;38688;0,48;12763;0,6;14,53;14,38;14,59;3399;0,14;0,813;0,14;21,37;21,3;21,45;2708;0,16;0,631;0,23;15,94;15,88;16,04;20371;0,39;4119;0,42;19,06;19,05;19,2;14095;0,23;3515;0,33;8,48;8,44;8,65;64061;1,62;25675;2,2;8,98;8,88;9,18;17433;0,49;6475;0,73;13,03;12,96;13,09;17550;0,37;4502;0,39;13,03;12,96;13,09;9955;0,12;2739;0,14
8,32;8,24;8,46;29222;0,63;9657;0,75;17,96;17,9;18,03;14947;0,34;3256;0,29;22,03;21,95;22,1;14379;0,15;2437;0,19;14,75;14,68;14,88;21497;0,56;5821;0,68;19,48;19,46;19,54;6987;0,17;1822;0,23;7,67;7,62;7,72;6735;0,78;1993;0,71;8,5;8,44;8,65;363881;4,56;158023;7,47;14,68;14,6;14,82;47413;1,95;13098;2,29;21,52;21,46;21,6;1646;0,1;0,362;0,13;16,26;16,15;16,43;122385;2,35;19344;1,99;19,29;19,22;19,35;13378;0,22;2547;0,24;8,98;8,76;9,18;26343;0,66;8608;0,74;9,78;9,71;9,86;23604;0,66;8159;0,92;13,15;13,09;13,26;26062;0,55;8332;0,72;13,15;13,09;13,27;40358;0,47;12662;0,64
8,52;8,47;8,68;91859;1,97;39104;3,02;18,45;18,28;18,53;244810;5,51;37844;3,34;22,17;22,1;22,27;22411;0,23;4015;0,31;15,03;14,91;15,17;10812;0,28;1836;0,21;19,63;19,54;19,78;57166;1,36;10200;1,28;7,75;7,72;7,81;3667;0,42;1745;0,63;8,98;8,89;9,19;34363;0,43;11832;0,56;14,96;14,85;15,1;9382;0,39;1752;0,31;21,74;21,62;21,83;7341;0,43;0,992;0,37;16,5;16,45;16,55;2961;0,06;0,941;0,1;19,37;19,35;19,44;8242;0,13;1889;0,18;9,78;9,72;9,86;30200;0,76;9680;0,83;10,12;9,86;10,26;117380;3,27;39461;4,45;13,42;13,32;13,64;65553;1,39;18973;1,65;13,43;13,32;13,64;117749;1,37;35613;1,81
9,01;8,79;9,22;31849;0,68;10050;0,78;18,93;18,78;19,04;101313;2,28;17033;1,5;22,51;22,38;22,66;60439;0,63;6537;0,5;15,82;15,69;15,92;7691;0,2;1253;0,15;19,88;19,8;19,92;7858;0,19;1889;0,24;7,94;7,82;8,2;199876;23,02;110138;39,49;9,79;9,73;9,86;45058;0,56;14732;0,7;15,76;15,61;15,84;6243;0,26;1233;0,22;21,92;21,83;21,97;5332;0,31;0,808;0,3;16,76;16,61;16,85;69474;1,33;10026;1,03;19,53;19,44;19,67;45161;0,74;7995;0,76;9,91;9,86;10,03;12048;0,3;2192;0,19;10,72;10,66;10,81;21673;0,6;8486;0,96;13,88;13,66;14,02;11239;0,24;2069;0,18;13,87;13,67;14,02;17433;0,2;3159;0,16
9,83;9,76;9,9;33267;0,71;11084;0,86;19,14;19,05;19,3;32766;0,74;5268;0,46;23,36;23,18;23,46;1394010;14,51;172783;13,27;16,01;15,95;16,11;4989;0,13;1048;0,12;20;19,92;20,16;44824;1,07;5582;0,7;8,31;8,23;8,43;6935;0,8;2236;0,8;9,92;9,87;10,05;16844;0,21;3117;0,15;15,96;15,87;16,05;4772;0,2;0,91;0,16;22,03;21,97;22,13;6168;0,36;1032;0,38;16,91;16,86;16,92;5683;0,11;2561;0,26;19,78;19,69;19,82;5392;0,09;1107;0,1;10,12;10,03;10,27;69677;1,76;23257;1,99;10,97;10,83;11,07;5912;0,16;1103;0,12;14,1;14,03;14,33;17797;0,38;4105;0,36;14,1;14,04;14,34;24144;0,28;5553;0,28
9,96;9,91;10,07;13637;0,29;2981;0,23;19,41;19,33;19,48;31167;0,7;5703;0,5;23,82;23,72;23,85;43270;0,45;8431;0,65;16,37;16,24;16,47;37401;0,97;6480;0,75;20,7;20,56;20,84;102546;2,45;11114;1,4;8,5;8,43;8,67;67069;7,73;27981;10,03;10,13;10,05;10,27;233923;2,93;81547;3,86;16,29;16,16;16,38;11864;0,49;2304;0,4;22,33;22,24;22,37;4631;0,27;0,907;0,33;17;16,92;17,09;39518;0,76;6938;0,71;19,91;19,82;19,94;23814;0,39;4676;0,44;10,73;10,66;10,81;28164;0,71;11120;0,95;11,83;11,72;11,96;24576;0,69;8103;0,91;14,54;14,38;14,62;62749;1,33;13779;1,2;14,54;14,38;14,62;61565;0,72;14019;0,71
10,16;10,07;10,32;91806;1,97;30803;2,38;19,48;19,48;19,55;11920;0,27;3513;0,31;23,94;23,85;24,06;104392;1,09;13508;1,04;16,55;16,47;16,63;20498;0,53;5254;0,61;21,25;21,09;21,39;87593;2,09;11471;1,44;9;8,91;9,21;6685;0,77;2248;0,81;10,73;10,66;10,81;40014;0,5;15267;0,72;16,48;16,38;16,56;42722;1,75;10254;1,79;22,41;22,37;22,42;2893;0,17;1010;0,37;17,17;17,1;17,28;18441;0,35;3709;0,38;19,96;19,94;20,07;16155;0,26;3792;0,36;10,97;10,84;11,07;12961;0,33;2601;0,22;13,15;12,96;13,28;31508;0,88;8799;0,99;14,69;14,62;14,76;28797;0,61;8004;0,69;14,69;14,62;14,81;45871;0,53;12440;0,63
10,78;10,71;10,86;32684;0,7;12654;0,98;19,65;19,55;19,77;124127;2,79;23507;2,07;24,21;24,08;24,34;111244;1,16;17783;1,37;16,71;16,64;16,76;7439;0,19;1806;0,21;21,51;21,43;21,71;12939;0,31;1800;0,23;9,81;9,75;10,05;9704;1,12;2698;0,97;11,84;11,74;11,96;40395;0,51;13871;0,66;16,76;16,57;16,87;36095;1,48;7280;1,27;22,44;22,42;22,55;4082;0,24;1049;0,39;17,35;17,28;17,36;3311;0,06;1110;0,11;20,63;20,46;20,75;125173;2,05;15814;1,5;11,84;11,71;11,95;31659;0,8;10432;0,89;13,41;13,34;13,67;11534;0,32;2688;0,3;14,97;14,85;15,11;75507;1,6;14658;1,27;14,97;14,85;15,1;130667;1,52;28341;1,44
10,96;10,89;10,99;5742;0,12;1865;0,14;20;19,91;20,17;79099;1,78;11503;1,01;24,53;24,41;24,65;146929;1,53;22975;1,77;16,83;16,76;16,93;53638;1,39;12244;1,42;21,84;21,73;21,85;7257;0,17;1720;0,22;10,14;10,07;10,29;48321;5,57;16603;5,95;13,16;12,91;13,28;51055;0,64;13558;0,64;17,44;17,03;17,51;7921;0,33;0,715;0,12;23,11;23;23,16;133777;7,85;22887;8,43;17,44;17,36;17,51;16105;0,31;2988;0,31;21,15;21;21,27;92232;1,51;15060;1,43;12,1;12;12,25;7860;0,2;2127;0,18;14,09;14,03;14,33;7313;0,2;1432;0,16;15,18;15,12;15,24;6140;0,13;1948;0,17;15,44;15,39;15,6;13826;0,16;2476;0,13
11,02;10,99;11,12;8163;0,17;2563;0,2;20,71;20,57;20,73;95485;2,15;19024;1,68;24,8;24,69;24,91;18510;0,19;2740;0,21;17,53;17,16;17,6;12429;0,32;1352;0,16;21,86;21,85;21,95;5482;0,13;1658;0,21;10,76;10,7;10,84;8599;0,99;3326;1,19;13,43;13,36;13,68;20991;0,26;5059;0,24;17,69;17,56;17,79;7692;0,32;1397;0,24;23,21;23,16;23,29;113817;6,68;22876;8,43;17,7;17,62;17,78;42079;0,81;8121;0,83;21,38;21,31;21,47;10315;0,17;2274;0,22;13,03;12,96;13,09;15228;0,38;3736;0,32;14,53;14,37;14,6;12485;0,35;2643;0,3;15,43;15,39;15,6;10350;0,22;1536;0,13;15,77;15,61;15,86;23286;0,27;3705;0,19
11,9;11,78;12,03;32212;0,69;11024;0,85;20,74;20,73;20,85;65361;1,47;19163;1,69;25,08;24,99;25,16;6289;0,07;1138;0,09;17,77;17,64;17,87;13795;0,36;2424;0,28;22,03;21,95;22,05;7744;0,18;1906;0,24;11,01;10,87;11,11;2758;0,32;0,483;0,17;14,54;14,38;14,61;17840;0,22;3072;0,15;18,31;18,16;18,41;36649;1,5;5591;0,98;23,65;23,55;23,68;8784;0,52;1730;0,64;17,79;17,78;17,93;15765;0,3;3502;0,36;21,55;21,47;21,62;4818;0,08;1135;0,11;13,15;13,09;13,27;32971;0,83;10282;0,88;14,68;14,6;14,82;31246;0,87;8535;0,96;15,78;15,61;15,86;20665;0,44;3495;0,3;15,94;15,87;16,04;25322;0,3;5691;0,29
13,22;12,98;13,36;42879;0,92;10444;0,81;21,28;21,14;21,43;141835;3,19;23210;2,05;25,33;25,19;25,46;251253;2,62;36067;2,77;17,94;17,87;18,01;5044;0,13;1113;0,13;22,06;22,05;22,1;3925;0,09;1724;0,22;11,88;11,79;12;7614;0,88;2584;0,93;14,7;14,62;14,82;45454;0,57;12557;0,59;18,53;18,43;18,62;36234;1,49;7625;1,33;23,77;23,68;23,88;17318;1,02;2086;0,77;18;17,95;18,07;5488;0,11;1399;0,14;21,76;21,64;21,84;18595;0,3;2459;0,23;13,42;13,32;13,64;47485;1,2;12681;1,09;14,95;14,85;15,11;13632;0,38;1996;0,23;15,94;15,87;16,03;14294;0,3;3053;0,26;16,3;16,16;16,42;130633;1,52;22966;1,17
13,5;13,41;13,68;24447;0,52;6489;0,5;21,52;21,45;21,59;9303;0,21;2414;0,21;26,19;26,02;26,29;1001229;10,42;117427;9,02;18,34;18,24;18,37;42052;1,09;9635;1,12;22,16;22,1;22,26;14804;0,35;2488;0,31;13,2;12,96;13,33;9421;1,09;2563;0,92;14,96;14,86;15,11;30414;0,38;5007;0,24;18,8;18,65;18,91;19998;0,82;3014;0,53;24,04;23,89;24,16;17347;1,02;2626;0,97;18,27;18,17;18,42;201548;3,87;28070;2,88;21,92;21,84;21,98;18497;0,3;2738;0,26;14,1;14,03;14,34;17216;0,43;3658;0,31;15,75;15,62;15,86;10386;0,29;1740;0,2;16,3;16,17;16,41;122172;2,59;21385;1,86;16,49;16,42;16,56;41348;0,48;10325;0,52
14,18;14,11;14,42;11659;0,25;2308;0,18;21,88;21,75;21,97;21146;0,48;3264;0,29;26,38;26,34;26,48;4927;0,05;1076;0,08;18,41;18,37;18,49;50870;1,32;11314;1,32;22,47;22,38;22,48;8881;0,21;2362;0,3;14,74;14,67;14,88;9299;1,07;2485;0,89;15,76;15,63;16,05;31861;0,4;3351;0,16;19,53;19,43;19,67;29371;1,21;5403;0,94;24,37;24,25;24,51;26856;1,58;3512;1,29;18,75;18,65;18,79;43363;0,83;9129;0,94;22,05;21,98;22,15;20781;0,34;3119;0,3;14,54;14,37;14,62;48138;1,22;11073;0,95;15,95;15,86;16,04;6819;0,19;1207;0,14;16,48;16,42;16,56;22946;0,49;6095;0,53;16,66;16,59;16,67;8166;0,1;2491;0,13
14,62;14,45;14,7;21419;0,46;3890;0,3;22,06;21,98;22,1;10995;0,25;2155;0,19;26,79;26,62;26,9;76212;0,79;8126;0,62;18,62;18,53;18,7;17833;0,46;3803;0,44;22,49;22,48;22,52;4717;0,11;2288;0,29;16,37;16,25;16,46;8625;0,99;1879;0,67;16,31;16,16;16,41;74522;0,93;14749;0,7;19,89;19,76;20,03;16768;0,69;2284;0,4;24,63;24,56;24,73;2077;0,12;0,363;0,13;18,82;18,79;18,92;28557;0,55;7277;0,75;22,35;22,26;22,35;7769;0,13;2647;0,25;14,69;14,62;14,76;35625;0,9;9976;0,85;16,29;16,17;16,4;35332;0,99;6000;0,68;16,78;16,64;16,88;165835;3,52;34805;3,02;16,8;16,67;16,89;407195;4,75;81985;4,17
14,77;14,7;14,91;37445;0,8;9881;0,76;22,17;22,1;22,27;23907;0,54;4358;0,38;26,98;26,91;27,03;4452;0,05;1255;0,1;18,9;18,75;19,01;33586;0,87;4634;0,54;22,57;22,52;22,68;18686;0,45;3173;0,4;16,54;16,46;16,62;8906;1,03;2186;0,78;16,49;16,41;16,56;43342;0,54;10847;0,51;20,61;20,46;20,73;40211;1,65;5849;1,02;25,15;25,02;25,3;33938;1,99;3925;1,45;19,09;18,92;19,21;94167;1,81;13802;1,42;22,36;22,35;22,39;5292;0,09;2661;0,25;14,96;14,86;15,11;45612;1,15;7835;0,67;16,47;16,4;16,55;28476;0,79;6929;0,78;17;16,88;17,08;15133;0,32;1868;0,16;17,26;17,1;17,35;44003;0,51;8158;0,41
15,05;14,94;15,19;23389;0,5;3392;0,26;22,48;22,37;22,54;31393;0,71;5056;0,45;27,12;27,04;27,21;36193;0,38;6779;0,52;19,12;19,03;19,29;9752;0,25;1296;0,15;23,23;23,13;23,25;122452;2,92;28387;3,56;16,83;16,65;16,92;4771;0,55;0,807;0,29;16,77;16,6;16,87;95843;1,2;17996;0,85;20,86;20,75;20,96;26147;1,07;5165;0,9;25,94;25,8;26,08;123926;7,27;14455;5,33;19,3;19,22;19,44;58610;1,13;10294;1,06;22,45;22,39;22,57;27905;0,46;4202;0,4;15,18;15,13;15,24;5359;0,14;1671;0,14;16,76;16,59;16,85;30098;0,84;5370;0,61;17,24;17,1;17,32;26012;0,55;3854;0,33;17,46;17,35;17,59;60923;0,71;11575;0,59
16,04;15,72;16,14;22542;0,48;2772;0,21;22,57;22,54;22,66;15850;0,36;3405;0,3;27,26;27,21;27,35;14090;0,15;2393;0,18;19,38;19,31;19,5;8862;0,23;1513;0,18;23,26;23,25;23,3;81791;1,95;28699;3,6;17,94;17,61;18,12;6135;0,71;0,629;0,23;17,72;17,55;17,8;25821;0,32;4133;0,2;21,13;21;21,26;34516;1,42;6063;1,06;26,57;26,42;26,7;14410;0,85;1772;0,65;19,54;19,45;19,63;50597;0,97;9168;0,94;23,14;23,03;23,18;176352;2,89;31261;2,96;15,77;15,61;15,86;14056;0,35;2524;0,22;17,69;17,61;17,78;8721;0,24;1634;0,18;17,45;17,32;17,59;33817;0,72;5199;0,45;17,69;17,61;17,81;90332;1,05;18242;0,93
16,4;16,29;16,51;92375;1,98;19075;1,47;22,94;22,84;23,05;10935;0,25;1558;0,14;27,49;27,36;27,61;78230;0,81;11605;0,89;19,62;19,52;19,75;70690;1,83;13640;1,59;23,35;23,3;23,43;137826;3,29;28277;3,55;18,31;18,21;18,38;8601;0,99;1470;0,53;17,87;17,8;18,04;19909;0,25;3524;0,17;21,75;21,63;21,76;2901;0,12;0,716;0,13;26,77;26,71;26,78;0,701;0,04;0,312;0,12;19,64;19,63;19,71;4714;0,09;1563;0,16;23,26;23,18;23,34;350585;5,74;58712;5,56;16,3;16,18;16,41;114262;2,88;21366;1,83;17,85;17,78;17,92;6435;0,18;1375;0,16;17,7;17,61;17,81;51659;1,1;9772;0,85;17,88;17,81;17,94;14916;0,17;3376;0,17
16,58;16,51;16,65;31413;0,67;8134;0,63;23,26;23,13;23,33;264442;5,95;38892;3,43;27,8;27,65;27,92;42261;0,44;5760;0,44;19,98;19,87;20,13;39294;1,02;6154;0,72;23,78;23,67;23,88;55629;1,33;8116;1,02;18,39;18,38;18,47;2249;0,26;0,754;0,27;18,25;18,16;18,3;68273;0,86;13842;0,65;21,77;21,76;21,85;3423;0,14;0,71;0,12;26,8;26,78;26,85;0,827;0,05;0,327;0,12;19,78;19,73;19,82;5260;0,1;1780;0,18;23,67;23,57;23,77;52106;0,85;7298;0,69;16,48;16,41;16,56;34037;0,86;8152;0,7;18,32;18,16;18,42;75225;2,1;11454;1,29;17,87;17,81;17,93;9731;0,21;2324;0,2;18,27;18,19;18,28;88667;1,03;28212;1,43
16,87;16,67;16,98;76249;1,63;14611;1,13;23,35;23,33;23,43;94743;2,13;23065;2,03;28,33;28,19;28,46;97585;1,02;12874;0,99;20,67;20,55;20,81;118990;3,08;14806;1,72;23,89;23,88;24;14275;0,34;3157;0,4;18,61;18,51;18,7;7948;0,92;1756;0,63;18,33;18,3;18,42;56117;0,7;13306;0,63;22,03;21,85;22,04;6449;0,26;0,78;0,14;26,94;26,86;27,02;2538;0,15;0,588;0,22;19,92;19,83;20,07;76696;1,47;12910;1,33;23,78;23,77;23,85;12362;0,2;3864;0,37;16,77;16,6;16,87;99381;2,51;19928;1,71;18,53;18,44;18,61;21797;0,61;5003;0,56;18,34;18,18;18,43;304801;6,47;46660;4,05;18,35;18,28;18,44;299949;3,5;58804;2,99
17,81;17,7;17,9;16144;0,35;2728;0,21;23,92;23,71;24,04;66626;1,5;7133;0,63;29,39;29,16;29,45;1761340;18,34;194158;14,92;20,96;20,85;21,06;16164;0,42;3183;0,37;24,18;24,02;24,31;47051;1,12;5960;0,75;18,81;18,73;18,85;2707;0,31;0,601;0,22;18,54;18,46;18,63;34807;0,44;7908;0,37;22,05;22,04;22,15;2990;0,12;0,786;0,14;27,1;27,02;27,18;2337;0,14;0,43;0,16;20,16;20,08;20,24;13151;0,25;2973;0,31;24,07;23,91;24,19;60667;0,99;8346;0,79;17,25;17,1;17,34;13141;0,33;1646;0,14;18,73;18,65;18,75;8338;0,23;2254;0,25;18,54;18,46;18,62;21106;0,45;5060;0,44;18,55;18,47;18,63;31381;0,37;7332;0,37
17,97;17,9;18,04;12023;0,26;2804;0,22;24,19;24,06;24,3;45932;1,03;7310;0,64;29,77;29,68;29,86;7603;0,08;1407;0,11;21,26;21,11;21,4;63859;1,65;11430;1,33;24,52;24,39;24,64;60361;1,44;7801;0,98;18,88;18,85;18,98;2269;0,26;0,483;0,17;18,76;18,67;18,79;42138;0,53;9146;0,43;22,33;22,23;22,38;5815;0,24;1023;0,18;27,3;27,19;27,44;10085;0,59;1406;0,52;20,63;20,46;20,76;209099;4,02;20972;2,15;24,39;24,28;24,41;36208;0,59;8608;0,82;17,45;17,34;17,52;13868;0,35;2644;0,23;18,8;18,75;18,9;17159;0,48;3281;0,37;18,83;18,68;18,94;106221;2,25;17976;1,56;18,85;18,69;18,95;225589;2,63;39246;1,99
18,46;18,27;18,55;243763;5,22;44129;3,41;24,52;24,4;24,65;76413;1,72;11062;0,98;30;29,88;30,16;89982;0,94;12619;0,97;21,49;21,42;21,7;7513;0,19;1156;0,13;24,77;24,65;24,91;18922;0,45;3317;0,42;19,61;19,5;19,74;33042;3,81;6348;2,28;18,83;18,79;18,92;45888;0,57;10285;0,49;22,43;22,38;22,54;6250;0,26;0,994;0,17;27,61;27,47;27,73;8017;0,47;1041;0,38;20,81;20,77;20,86;3425;0,07;1154;0,12;24,42;24,41;24,52;35273;0,58;8392;0,79;17,7;17,61;17,79;26723;0,67;5098;0,44;19,05;18,92;19,2;17612;0,49;2316;0,26;19,03;18,95;19,2;34848;0,74;5813;0,5;19,04;18,96;19,21;41628;0,49;6471;0,33
18,65;18,57;18,74;24909;0,53;5605;0,43;24,79;24,67;24,91;13018;0,29;1972;0,17;30,32;30,18;30,43;148123;1,54;21876;1,68;21,79;21,72;21,8;4302;0,11;1447;0,17;25,08;24,98;25,16;8910;0,21;1562;0,2;19,96;19,84;20,09;13213;1,52;2463;0,88;19,07;18,96;19,2;26483;0,33;3784;0,18;23,1;23,01;23,14;43519;1,79;8633;1,51;28,13;27,99;28,28;9363;0,55;1274;0,47;21,08;20,98;21,12;41357;0,79;8072;0,83;24,54;24,52;24,57;6405;0,1;2112;0,2;17,86;17,79;17,93;11353;0,29;2495;0,21;19,31;19,22;19,37;11146;0,31;1959;0,22;19,32;19,22;19,45;46825;0,99;7034;0,61;19,34;19,23;19,45;54248;0,63;6857;0,35
18,93;18,78;19,04;40185;0,86;6248;0,48;25,29;25,18;25,45;76963;1,73;10243;0,9;30,7;30,56;30,83;223411;2,33;29064;2,23;21,84;21,8;21,93;8749;0,23;1514;0,18;25,3;25,17;25,46;81580;1,95;10044;1,26;20,65;20,45;20,66;4641;0,53;0,7;0,25;19,56;19,45;19,68;199073;2,49;39271;1,86;23,21;23,14;23,3;109051;4,48;20213;3,53;29,03;28,86;29,13;283437;16,63;37730;13,9;21,15;21,12;21,22;43338;0,83;8453;0,87;24,57;24,57;24,59;2441;0,04;2056;0,19;18,33;18,17;18,43;222246;5,61;35476;3,04;19,37;19,37;19,43;4022;0,11;1495;0,17;19,55;19,45;19,67;123170;2,61;21923;1,9;19,56;19,45;19,67;192594;2,25;34478;1,75
19,14;19,06;19,32;16106;0,35;2598;0,2;26,09;25,95;26,11;108084;2,43;20964;1,85;30,94;30,86;31,08;12392;0,13;1999;0,15;22,03;21,93;22,09;10391;0,27;1398;0,16;25,87;25,79;25,93;5195;0,12;1404;0,18;20,69;20,66;20,8;3519;0,41;0,742;0,27;19,9;19,73;20,05;93402;1,17;15400;0,73;23,46;23,36;23,56;18036;0,74;3312;0,58;29,54;29,46;29,64;2059;0,12;0,392;0,14;21,24;21,22;21,25;6058;0,12;4294;0,44;24,66;24,59;24,78;25009;0,41;3804;0,36;18,53;18,45;18,62;27967;0,71;6433;0,55;19,53;19,43;19,65;73650;2,05;14213;1,6;19,91;19,82;20,05;92386;1,96;11873;1,03;19,91;19,82;20,06;132542;1,55;18450;0,94
19,44;19,35;19,55;21653;0,46;3275;0,25;26,12;26,11;26,24;74197;1,67;20213;1,78;31,3;31,2;31,37;6816;0,07;1286;0,1;22,15;22,09;22,25;9020;0,23;1513;0,18;26,1;25,95;26,25;276088;6,58;30182;3,79;20,95;20,85;21,05;7306;0,84;1383;0,5;20,61;20,38;20,74;125996;1,58;12654;0,6;23,65;23,57;23,67;4139;0,17;1028;0,18;29,77;29,65;29,94;16594;0,97;2071;0,76;21,29;21,25;21,33;26508;0,51;5742;0,59;24,95;24,86;25,05;10920;0,18;1994;0,19;18,82;18,67;18,93;58449;1,48;9355;0,8;19,89;19,79;20,05;38233;1,07;5514;0,62;20,1;20,05;20,18;10667;0,23;2200;0,19;20,08;20,06;20,09;5586;0,07;3325;0,17
19,66;19,55;19,78;166484;3,57;30026;2,32;26,75;26,59;26,88;43657;0,98;5258;0,46;31,61;31,45;31,73;259282;2,7;29578;2,27;22,52;22,36;22,65;28177;0,73;2626;0,31;26,68;26,55;26,73;23840;0,57;3417;0,43;21,22;21,08;21,41;5775;0,67;0,735;0,26;20,88;20,77;20,97;27199;0,34;5346;0,25;23,74;23,67;23,88;10775;0,44;1569;0,27;30,09;29,96;30,21;19940;1,17;2896;1,07;21,4;21,33;21,5;61162;1,17;9397;0,96;25,2;25,07;25,22;66385;1,09;12020;1,14;19,02;18,94;19,2;21036;0,53;3115;0,27;20,62;20,47;20,76;82132;2,29;9274;1,05;20,6;20,46;20,72;219066;4,65;28508;2,47;20,12;20,09;20,19;13174;0,15;3682;0,19
20,02;19,9;20,16;80100;1,72;11529;0,89;27,46;27,36;27,59;25450;0,57;4251;0,37;32,52;32,35;32,64;603232;6,28;63942;4,91;23,24;23,11;23,4;377865;9,79;53827;6,26;26,75;26,73;26,85;13990;0,33;3180;0,4;23,19;23,09;23,25;14619;1,68;2262;0,81;21,17;21,01;21,32;103140;1,29;15850;0,75;24,03;23,89;24,14;9328;0,38;1557;0,27;30,46;30,33;30,6;37327;2,19;5059;1,86;21,54;21,5;21,62;21405;0,41;4706;0,48;25,23;25,22;25,35;45708;0,75;12072;1,14;19,32;19,22;19,43;24249;0,61;3820;0,33;20,85;20,78;20,95;15186;0,42;3161;0,36;20,87;20,75;20,97;18596;0,39;3468;0,3;20,61;20,47;20,74;284394;3,32;34699;1,76
20,74;20,6;20,86;147775;3,17;19794;1,53;27,78;27,63;27,9;22198;0,5;2801;0,25;33,18;33,03;33,43;18326;0,19;1690;0,13;23,59;23,49;23,66;9611;0,25;1967;0,23;26,95;26,86;27,02;7772;0,19;1601;0,2;23,29;23,25;23,38;10298;1,19;2059;0,74;22,06;21,65;22,16;59381;0,74;3642;0,17;24,36;24,23;24,4;7285;0,3;1305;0,23;30,71;30,64;30,72;0,763;0,04;0,262;0,1;21,71;21,63;21,73;13277;0,26;4539;0,47;25,75;25,67;25,81;4727;0,08;1080;0,1;19,55;19,44;19,66;149104;3,76;30149;2,58;21,14;20,99;21,3;29364;0,82;4252;0,48;21,17;21,02;21,31;128795;2,73;22299;1,93;20,88;20,8;20,98;25824;0,3;5222;0,27
21;20,91;21,1;23298;0,5;4263;0,33;28,29;28,05;28,44;31102;0,7;3466;0,31;33,62;33,45;33,71;31901;0,33;4242;0,33;23,77;23,69;23,8;9867;0,26;2422;0,28;27,09;27,02;27,17;7798;0,19;1711;0,21;23,55;23,46;23,65;4554;0,52;0,881;0,32;22,48;22,28;22,57;36240;0,45;3762;0,18;24,41;24,4;24,5;3567;0,15;1135;0,2;30,74;30,72;30,91;1369;0,08;0,269;0,1;21,74;21,73;21,85;20014;0,38;4515;0,46;26,01;25,86;26,16;447558;7,33;47271;4,48;19,91;19,8;20,04;78584;1,98;12632;1,08;21,38;21,31;21,47;5497;0,15;1175;0,13;21,4;21,34;21,46;9988;0,21;2477;0,21;21,21;21,05;21,33;359712;4,19;65907;3,35
21,28;21,14;21,43;77365;1,66;13423;1,04;29,17;29,01;29,28;240424;5,41;28993;2,56;33,77;33,71;33,88;15570;0,16;2724;0,21;23,89;23,8;24;27021;0,7;3872;0,45;27,25;27,18;27,34;6862;0,16;1260;0,16;24,48;24,34;24,6;3596;0,41;0,525;0,19;23,14;23,02;23,19;223175;2,8;34934;1,65;25,17;25,02;25,31;19087;0,78;2012;0,35;31,35;31,22;31,49;32239;1,89;4431;1,63;21,93;21,86;21,94;11405;0,22;4349;0,45;26,6;26,44;26,64;32842;0,54;4424;0,42;20,56;20,42;20,71;130296;3,29;16963;1,45;21,54;21,47;21,61;5064;0,14;1113;0,13;21,55;21,48;21,61;9355;0,2;2206;0,19;21,41;21,35;21,48;12197;0,14;3207;0,16
22,48;22,38;22,54;12574;0,27;2097;0,16;29,97;29,84;30,12;24294;0,55;3066;0,27;34,02;33,9;34,17;40877;0,43;5214;0,4;24,16;24,02;24,27;31660;0,82;5173;0,6;27,46;27,35;27,62;32661;0,78;4578;0,57;25,27;25,13;25,41;6416;0,74;0,724;0,26;23,25;23,19;23,33;202283;2,53;41397;1,96;25,58;25,46;25,68;12899;0,53;2234;0,39;32,23;32,08;32,37;81165;4,76;10397;3,83;21,94;21,94;22,01;15140;0,29;4348;0,45;26,64;26,64;26,74;20632;0,34;4193;0,4;20,87;20,77;20,97;25523;0,64;4693;0,4;21,74;21,64;21,85;13165;0,37;1745;0,2;21,71;21,63;21,75;15728;0,33;3078;0,27;21,56;21,49;21,62;10465;0,12;2666;0,14
22,57;22,54;22,67;10667;0,23;2015;0,16;30,24;30,13;30,36;29755;0,67;4677;0,41;34,32;34,2;34,46;27353;0,28;4075;0,31;24,48;24,38;24,62;49058;1,27;7198;0,84;27,77;27,64;27,89;23125;0,55;2989;0,38;25,69;25,57;25,81;18531;2,13;3233;1,16;23,48;23,4;23,56;15818;0,2;3087;0,15;25,94;25,81;26,1;122312;5,02;14960;2,61;32,97;32,82;33,21;2944;0,17;0,272;0,1;22,06;22,01;22,16;22800;0,44;4284;0,44;26,81;26,74;26,89;26931;0,44;4399;0,42;21,15;21,01;21,31;75315;1,9;12114;1,04;21,93;21,85;21,98;8848;0,25;1317;0,15;21,77;21,75;21,84;9009;0,19;2935;0,25;21,76;21,64;21,85;28346;0,33;4259;0,22
22,96;22,84;23,07;15235;0,33;1938;0,15;30,63;30,49;30,76;60600;1,36;8178;0,72;34,97;34,82;35,12;49890;0,52;5581;0,43;24,76;24,64;24,88;8416;0,22;1430;0,17;28,28;28,17;28,46;32604;0,78;3915;0,49;26,04;25,91;26,19;21949;2,53;2585;0,93;23,67;23,58;23,76;50651;0,63;6878;0,33;26,33;26,22;26,43;11255;0,46;1930;0,34;33,39;33,23;33,49;3722;0,22;0,418;0,15;22,37;22,31;22,39;13477;0,26;5314;0,55;26,97;26,89;27,06;19539;0,32;3321;0,31;21,93;21,84;21,98;8549;0,22;1734;0,15;22,04;21,98;22,14;9132;0,25;1427;0,16;21,94;21,85;21,99;20962;0,44;3710;0,32;21,95;21,86;21,98;17668;0,21;3677;0,19
23,28;23,14;23,44;427931;9,17;55943;4,32;31,51;31,38;31,66;49941;1,12;6477;0,57;35,98;35,79;36,08;669651;6,97;84044;6,46;25,27;25,15;25,28;33572;0,87;8723;1,01;29,23;29,06;29,33;584943;13,95;78856;9,9;26,45;26,35;26,54;3347;0,39;0,62;0,22;23,77;23,76;23,89;21323;0,27;4565;0,22;26,57;26,46;26,73;10216;0,42;1380;0,24;33,57;33,49;33,66;2823;0,17;0,49;0,18;22,4;22,39;22,4;5029;0,1;5261;0,54;27,15;27,07;27,23;10724;0,18;2079;0,2;22,03;21,98;22,04;4537;0,11;1671;0,14;22,44;22,27;22,57;18760;0,52;2232;0,25;22,06;21,99;22,14;20726;0,44;3693;0,32;22,06;21,98;22,17;58425;0,68;9701;0,49
23,62;23,53;23,7;12079;0,26;2238;0,17;32,39;32,26;32,54;81807;1,84;9367;0,83;36,9;36,77;36,99;18414;0,19;2698;0,21;25,28;25,28;25,42;33872;0,88;8739;1,02;29,73;29,62;29,81;8345;0,2;1447;0,18;29,12;28,97;29,24;60642;6,99;8531;3,06;24,07;23,91;24,19;56065;0,7;7395;0,35;27,29;27,18;27,44;9433;0,39;1219;0,21;33,81;33,68;33,94;6669;0,39;0,816;0,3;22,47;22,4;22,59;50661;0,97;7000;0,72;27,33;27,24;27,49;43560;0,71;6243;0,59;22,06;22,04;22,14;6463;0,16;1727;0,15;23,13;23,02;23,15;79320;2,21;15915;1,8;22,35;22,23;22,56;54766;1,16;5985;0,52;22,37;22,26;22,43;72350;0,84;11988;0,61
23,81;23,73;23,84;10661;0,23;2448;0,19;33,98;33,87;34,12;11569;0,26;1474;0,13;37,15;37,01;37,26;72189;0,75;10339;0,79;25,7;25,61;25,79;10212;0,26;1891;0,22;29,96;29,83;30,13;50569;1,21;6030;0,76;29,91;29,79;30,09;5425;0,62;0,719;0,26;24,41;24,28;24,53;54760;0,69;7300;0,35;27,63;27,5;27,8;5733;0,24;0,752;0,13;34,11;33,99;34,24;4744;0,28;0,647;0,24;23,14;23,01;23,22;289276;5,56;38523;3,96;27,65;27,52;27,78;40490;0,66;5840;0,55;22,34;22,22;22,4;19219;0,49;3082;0,26;23,22;23,15;23,32;188032;5,24;33593;3,79;23,15;23;23,28;374802;7,95;53173;4,61;22,44;22,43;22,46;7199;0,08;5494;0,28
23,91;23,84;23,91;14516;0,31;4331;0,33;35,85;35,71;35,98;71314;1,6;9877;0,87;37,54;37,41;37,68;61088;0,64;7672;0,59;26,09;25,95;26,21;338277;8,76;46103;5,36;30,26;30,15;30,38;50453;1,2;7909;0,99;30,21;30,11;30,32;5605;0,65;0,874;0,31;25,21;25,06;25,34;94445;1,18;10469;0,5;28,13;28,03;28,14;3753;0,15;0,99;0,17;34,74;34,6;34,9;5452;0,32;0,642;0,24;23,23;23,22;23,32;100867;1,94;25452;2,61;28,18;28,05;28,35;52829;0,87;5391;0,51;22,42;22,4;22,53;10423;0,26;2110;0,18;23,47;23,38;23,55;11826;0,33;2384;0,27;23,48;23,39;23,55;11008;0,23;2286;0,2;22,47;22,46;22,55;18653;0,22;5493;0,28
23,92;23,91;24,05;19329;0,41;4334;0,34;37,1;36,98;37,22;11388;0,26;1589;0,14;38,53;38,4;38,67;75278;0,78;10400;0,8;26,47;26,39;26,55;6310;0,16;1340;0,16;30,65;30,51;30,78;115984;2,77;15951;2;30,59;30,47;30,73;11735;1,35;1565;0,56;25,6;25,49;25,7;87648;1,1;15462;0,73;28,16;28,14;28,3;5257;0,22;0,972;0,17;35,69;35,53;35,8;107512;6,31;14980;5,52;23,67;23,57;23,74;43718;0,84;6532;0,67;29,16;28,98;29,25;983981;16,12;130442;12,35;22,82;22,71;22,93;12786;0,32;1705;0,15;23,67;23,57;23,71;8747;0,24;1454;0,16;23,77;23,59;23,9;69612;1,48;8363;0,73;23,17;23,02;23,33;693556;8,09;78975;4,01
24,2;24,06;24,3;28289;0,61;4970;0,38;37,5;37,38;37,64;13110;0,3;1671;0,15;39,48;39,34;39,63;76892;0,8;10008;0,77;26,73;26,58;26,76;17630;0,46;2873;0,33;30,92;30,82;31,06;9593;0,23;1290;0,16;31,49;31,36;31,65;10345;1,19;1309;0,47;26;25,85;26;184888;2,32;40649;1,92;29,04;28,88;29,14;353388;14,51;50080;8,74;36,68;36,54;36,77;2943;0,17;0,479;0,18;23,81;23,74;23,84;29809;0,57;5559;0,57;29,6;29,51;29,69;8637;0,14;1788;0,17;23,12;22,98;23,27;250395;6,32;35913;3,08;23,77;23,71;23,86;8507;0,24;1457;0,16;24,05;23,93;24,17;46608;0,99;8409;0,73;23,5;23,41;23,56;12483;0,15;2694;0,14
24,52;24,4;24,65;50229;1,08;7452;0,58;38,49;38,37;38,63;9659;0,22;1404;0,12;49,06;48,86;49,07;17394;0,18;2373;0,18;26,77;26,76;26,88;9880;0,26;2556;0,3;31,26;31,16;31,36;6005;0,14;0,937;0,12;32,37;32,24;32,52;23613;2,72;2725;0,98;26,02;26;26,14;179559;2,25;40805;1,93;29,43;29,33;29,6;7546;0,31;1221;0,21;36,92;36,79;37,04;10232;0,6;1411;0,52;23,9;23,84;23,94;30834;0,59;6062;0,62;29,83;29,71;30,01;80539;1,32;10428;0,99;23,46;23,37;23,55;15076;0,38;2942;0,25;24,05;23,89;24,15;28848;0,8;4098;0,46;24,39;24,27;24,5;81339;1,73;12622;1,09;23,77;23,61;23,91;151670;1,77;17340;0,88
25,29;25,18;25,45;47583;1,02;6608;0,51;51,1;50,9;51,3;20819;0,47;1665;0,15;49,09;49,07;49,1;3349;0,03;2427;0,19;27,09;26,89;27,31;20969;0,54;2952;0,34;31,53;31,4;31,68;99284;2,37;12463;1,56;35,81;35,68;35,95;29467;3,39;4079;1,46;26,55;26,46;26,56;10416;0,13;2947;0,14;29,78;29,67;29,95;12170;0,5;1675;0,29;37,33;37,19;37,46;12486;0,73;1688;0,62;24,07;23,94;24,18;109639;2,11;14414;1,48;30,16;30,03;30,27;95714;1,57;14818;1,4;23,65;23,58;23,68;6957;0,18;1918;0,16;24,4;24,27;24,54;38764;1,08;5066;0,57;24,63;24,52;24,78;14919;0,32;2249;0,2;24,07;23,94;24,18;79317;0,92;12715;0,65
26,09;25,96;26,23;195717;4,19;26808;2,07;;;;;;;;49,1;49,1;49,13;5186;0,05;2417;0,19;27,44;27,33;27,58;39666;1,03;5890;0,69;32,44;32,29;32,58;240821;5,74;27008;3,39;37,07;36,96;37,19;3681;0,42;0,512;0,18;26,62;26,56;26,73;24905;0,31;3987;0,19;30,09;29,97;30,21;13506;0,55;2173;0,38;38,31;38,17;38,45;9634;0,57;1282;0,47;24,39;24,29;24,42;48012;0,92;10483;1,08;30,52;30,4;30,53;94649;1,55;23859;2,26;23,68;23,68;23,69;1217;0,03;1794;0,15;25,16;25,04;25,18;23448;0,65;5095;0,58;25,14;25,03;25,29;71904;1,53;11248;0,98;24,39;24,28;24,53;125118;1,46;17787;0,9
26,75;26,62;26,89;23941;0,51;3150;0,24;;;;;;;;49,14;49,13;49,32;13533;0,14;2253;0,17;27,75;27,61;27,88;13872;0,36;1805;0,21;33,16;33;33,37;15428;0,37;1437;0,18;37,48;37,37;37,62;4210;0,48;0,551;0,2;27,34;27,23;27,49;35798;0,45;5108;0,24;30,47;30,34;30,6;27920;1,15;3937;0,69;39,28;39,13;39,41;13375;0,78;1660;0,61;24,42;24,42;24,54;39513;0,76;9929;1,02;30,54;30,53;30,66;94632;1,55;23800;2,25;23,76;23,69;23,9;31885;0,8;4548;0,39;25,19;25,18;25,32;27091;0,76;5177;0,58;25,58;25,49;25,68;24468;0,52;4394;0,38;24,65;24,55;24,79;25886;0,3;3614;0,18
27,46;27,35;27,58;17648;0,38;2821;0,22;;;;;;;;51,04;50,86;51,07;9628;0,1;1321;0,1;28,28;28,14;28,42;40174;1,04;5814;0,68;33,58;33,39;33,67;13034;0,31;1579;0,2;38,47;38,35;38,64;4373;0,5;0,562;0,2;27,64;27,52;27,77;36420;0,46;5167;0,24;31,36;31,22;31,5;24683;1,01;3231;0,56;42,97;42,83;43,12;2096;0,12;0,232;0,09;24,66;24,58;24,81;33474;0,64;5115;0,53;30,79;30,69;30,94;15451;0,25;1902;0,18;24,04;23,92;24,16;26952;0,68;4692;0,4;25,58;25,47;25,68;26606;0,74;4352;0,49;25,93;25,8;26,07;170799;3,62;21108;1,83;25,18;25,05;25,32;131673;1,54;17426;0,89
28,3;28,13;28,46;16560;0,35;2321;0,18;;;;;;;;51,08;51,07;51,25;8000;0,08;1252;0,1;29,19;29,03;29,29;450628;11,68;57800;6,73;33,76;33,67;33,85;12000;0,29;1883;0,24;39,45;39,3;39,59;6343;0,73;0,727;0,26;28,17;28,05;28,35;43444;0,54;5189;0,25;32,24;32,1;32,38;116438;4,78;13599;2,37;45,71;45,5;45,72;4558;0,27;0,633;0,23;24,97;24,84;25,04;12424;0,24;2365;0,24;31,13;31,02;31,24;11155;0,18;1626;0,15;24,36;24,25;24,5;48991;1,24;7399;0,63;25,96;25,82;25,97;96889;2,7;20061;2,26;26,59;26,45;26,72;30870;0,65;4149;0,36;25,59;25,5;25,68;28871;0,34;5636;0,29
29,19;29,02;29,3;319212;6,84;35681;2,76;;;;;;;;;;;;;;;29,95;29,83;30,12;21097;0,55;2315;0,27;34;33,88;34,14;26956;0,64;3364;0,42;48,96;48,77;48,96;7253;0,84;1063;0,38;29,12;28,96;29,22;833372;10,44;111139;5,25;33,81;33,69;33,97;7923;0,33;0,937;0,16;45,76;45,72;45,78;2499;0,15;0,703;0,26;25,14;25,05;25,15;34940;0,67;11770;1,21;31,44;31,28;31,56;164660;2,7;22891;2,17;25,14;25,02;25,28;46466;1,17;6733;0,58;25,99;25,97;26,12;97527;2,72;20325;2,29;27,09;26,89;27,19;13641;0,29;1552;0,13;25,98;25,84;26,12;373143;4,35;44046;2,24
30,26;30,15;30,37;21182;0,45;3645;0,28;;;;;;;;;;;;;;;30,24;30,13;30,43;36655;0,95;5775;0,67;34,29;34,18;34,43;17700;0,42;2533;0,32;48,98;48,96;49,02;3414;0,39;1105;0,4;29,82;29,71;30,01;78898;0,99;9694;0,46;34,78;34,63;34,93;6435;0,26;0,737;0,13;45,79;45,78;45,81;1132;0,07;0,697;0,26;25,18;25,15;25,34;85255;1,64;12663;1,3;32,37;32,18;32,47;455712;7,46;51098;4,84;25,92;25,77;26,05;101726;2,57;12853;1,1;26,35;26,25;26,42;8145;0,23;1451;0,16;27,3;27,21;27,43;20999;0,45;3095;0,27;26,62;26,48;26,75;104132;1,21;14214;0,72
30,63;30,5;30,77;39261;0,84;5338;0,41;;;;;;;;;;;;;;;30,62;30,49;30,76;66430;1,72;8288;0,96;34,96;34,82;35,12;21614;0,52;2377;0,3;49,02;49,02;49,06;2780;0,32;1005;0,36;30,13;30,02;30,26;77152;0,97;12530;0,59;35,69;35,55;35,82;194271;7,98;28258;4,93;45,81;45,81;45,83;1135;0,07;0,692;0,25;25,43;25,35;25,49;5805;0,11;1442;0,15;33,03;32,86;33,09;14447;0,24;1984;0,19;26,33;26,24;26,42;10190;0,26;1960;0,17;26,62;26,44;26,71;13328;0,37;1223;0,14;27,59;27,45;27,74;21379;0,45;2223;0,19;26,97;26,91;27,21;20464;0,24;2447;0,12
31,5;31,39;31,65;30196;0,65;3613;0,28;;;;;;;;;;;;;;;30,88;30,8;31,06;7163;0,19;1045;0,12;35,9;35,74;36,01;277147;6,61;38822;4,87;49,07;49,06;49,25;5548;0,64;0,909;0,33;30,52;30,39;30,53;85416;1,07;21437;1,01;36,93;36,79;37,04;8264;0,34;1128;0,2;45,85;45,83;45,88;1790;0,11;0,673;0,25;25,75;25,68;25,82;7853;0,15;2063;0,21;33,15;33,09;33,24;8417;0,14;1545;0,15;26,58;26,44;26,72;16347;0,41;2043;0,17;26,78;26,71;26,86;8028;0,22;1484;0,17;28,13;27,94;28,32;25023;0,53;2877;0,25;27,34;27,22;27,46;41394;0,48;6358;0,32
32,41;32,26;32,54;91600;1,96;10854;0,84;;;;;;;;;;;;;;;31,5;31,37;31,65;64623;1,67;7876;0,92;36,85;36,74;36,97;9549;0,23;1496;0,19;51,03;50,86;51,03;3092;0,36;0,502;0,18;30,53;30,53;30,65;80832;1,01;21451;1,01;37,33;37,2;37,46;10055;0,41;1397;0,24;45,91;45,88;45,92;1626;0,1;0,657;0,24;25,99;25,85;26;178122;3,42;37134;3,81;33,44;33,27;33,46;14487;0,24;2691;0,25;27,3;27,19;27,42;13014;0,33;1988;0,17;26,95;26,87;27,03;6425;0,18;1405;0,16;28,95;28,82;28,96;85448;1,81;20531;1,78;27,66;27,49;27,78;39394;0,46;4497;0,23
35,86;35,73;35,99;78986;1,69;10437;0,81;;;;;;;;;;;;;;;32,4;32,26;32,4;103826;2,69;22763;2,65;37,1;36,98;37,24;33246;0,79;5001;0,63;51,05;51,03;51,07;1032;0,12;0,506;0,18;31,42;31,28;31,55;141851;1,78;18011;0,85;38,31;38,18;38,45;10064;0,41;1305;0,23;45,93;45,92;45,95;1271;0,07;0,659;0,24;26,01;26;26,14;170883;3,28;37806;3,88;33,48;33,46;33,55;11089;0,18;2684;0,25;28,95;28,81;29,09;132554;3,35;15547;1,33;27,32;27,21;27,47;20653;0,58;2750;0,31;28,99;28,96;29,11;99881;2,12;20539;1,78;28,16;27,94;28,29;52527;0,61;6333;0,32
;;;;;;;;;;;;;;;;;;;;;32,41;32,4;32,54;98722;2,56;22770;2,65;37,51;37,39;37,66;41491;0,99;5267;0,66;51,07;51,07;51,21;2078;0,24;0,472;0,17;32,3;32,17;32,32;162023;2,03;35122;1,66;39,27;39,13;39,4;29027;1,19;3683;0,64;45,97;45,95;46,05;2775;0,16;0,621;0,23;26,22;26,17;26,3;5125;0,1;1414;0,15;33,62;33,55;33,72;19992;0,33;3045;0,29;30,06;29,96;30,18;14107;0,36;2111;0,18;27,62;27,49;27,73;17274;0,48;2734;0,31;29,82;29,71;29,96;12017;0,25;1699;0,15;29,08;28,89;29,18;527295;6,15;61782;3,14
;;;;;;;;;;;;;;;;;;;;;33,56;33,42;33,82;16893;0,44;1764;0,21;38,5;38,37;38,65;35189;0,84;4900;0,62;;;;;;;;32,35;32,32;32,45;187949;2,35;40184;1,9;50,66;50,43;50,7;15734;0,65;1535;0,27;46,06;46,05;46,19;1602;0,09;0,335;0,12;26,52;26,44;26,54;8292;0,16;1985;0,2;33,89;33,74;34,01;49991;0,82;6167;0,58;30,43;30,32;30,44;12035;0,3;3173;0,27;28,15;28,02;28,33;22413;0,62;2301;0,26;30,08;29,97;30,19;21630;0,46;3618;0,31;29,83;29,7;29,99;43456;0,51;5688;0,29
;;;;;;;;;;;;;;;;;;;;;33,97;33,85;34,11;20926;0,54;2563;0,3;39,47;39,33;39,6;53697;1,28;7133;0,9;;;;;;;;33,61;33,25;33,71;42098;0,53;3246;0,15;50,7;50,7;50,87;7518;0,31;1312;0,23;48,4;48,14;48,42;25043;1,47;2562;0,94;26,56;26,54;26,58;3244;0,06;1770;0,18;34,16;34,05;34,3;30241;0,5;4268;0,4;30,44;30,44;30,58;14075;0,36;3156;0,27;29,05;28,9;29,16;380528;10,61;52915;5,97;30,45;30,32;30,59;39635;0,84;4847;0,42;30,12;30,01;30,24;59811;0,7;9254;0,47
;;;;;;;;;;;;;;;;;;;;;34,28;34,17;34,3;4771;0,12;1082;0,13;43,19;43,04;43,33;7746;0,18;0,869;0,11;;;;;;;;33,88;33,74;34;37464;0,47;4405;0,21;;;;;;;;48,43;48,42;48,45;3710;0,22;2356;0,87;26,59;26,58;26,61;3122;0,06;1767;0,18;34,81;34,67;34,97;41377;0,68;4660;0,44;31,33;31,2;31,47;21210;0,54;2832;0,24;29,8;29,69;29,96;28669;0,8;3386;0,38;31,34;31,2;31,48;31590;0,67;4151;0,36;30,49;30,36;30,63;122527;1,43;16092;0,82
;;;;;;;;;;;;;;;;;;;;;34,31;34,3;34,42;3679;0,1;1085;0,13;;;;;;;;;;;;;;;34,16;34,03;34,3;29576;0,37;4189;0,2;;;;;;;;48,46;48,45;48,47;2375;0,14;2297;0,85;26,62;26,61;26,62;1562;0,03;1528;0,16;35,81;35,63;35,91;565004;9,25;72605;6,87;32,2;32,07;32,34;30073;0,76;3777;0,32;30,1;29,99;30,23;35441;0,99;5400;0,61;32,2;32,08;32,37;50244;1,07;6535;0,57;31,38;31,24;31,51;95923;1,12;12171;0,62
;;;;;;;;;;;;;;;;;;;;;34,91;34,79;35,06;18344;0,48;2176;0,25;;;;;;;;;;;;;;;34,81;34,67;34,95;32064;0,4;3787;0,18;;;;;;;;48,5;48,47;48,52;7745;0,45;2343;0,86;26,68;26,62;26,76;12777;0,25;2684;0,28;36,71;36,59;36,83;21887;0,36;3151;0,3;35,66;35,52;35,78;22946;0,58;3318;0,28;30,48;30,35;30,62;68825;1,92;9079;1,02;35,65;35,53;35,79;30977;0,66;4018;0,35;32,24;32,12;32,4;184638;2,15;22199;1,13
;;;;;;;;;;;;;;;;;;;;;35,86;35,72;35,99;169763;4,4;23806;2,77;;;;;;;;;;;;;;;35,77;35,61;35,88;423873;5,31;53837;2,55;;;;;;;;48,53;48,52;48,56;4145;0,24;2255;0,83;26,84;26,76;26,91;17439;0,33;3684;0,38;36,97;36,85;37,1;61849;1,01;8480;0,8;;;;;;;;31,38;31,24;31,51;55968;1,56;7788;0,88;48,36;48,16;48,42;18753;0,4;1886;0,16;33,82;33,71;33,96;23478;0,27;3115;0,16
;;;;;;;;;;;;;;;;;;;;;37,1;36,97;37,22;17385;0,45;2565;0,3;;;;;;;;;;;;;;;36,95;36,83;37,08;53520;0,67;7652;0,36;;;;;;;;48,57;48,56;48,74;13033;0,76;2171;0,8;26,99;26,91;27,05;18370;0,35;3986;0,41;37,38;37,25;37,52;77042;1,26;9648;0,91;;;;;;;;32,27;32,12;32,41;158081;4,41;17880;2,02;48,45;48,42;48,75;20850;0,44;1767;0,15;35,71;35,57;35,83;195998;2,29;27301;1,39
;;;;;;;;;;;;;;;;;;;;;37,51;37,38;37,63;20732;0,54;2669;0,31;;;;;;;;;;;;;;;37,37;37,24;37,5;66113;0,83;9363;0,44;;;;;;;;;;;;;;;27,14;27,06;27,23;18403;0,35;3481;0,36;38,37;38,23;38,51;71879;1,18;8984;0,85;;;;;;;;33,59;33,21;33,68;16981;0,47;1216;0,14;;;;;;;;36,94;36,82;37,06;24401;0,28;3609;0,18
;;;;;;;;;;;;;;;;;;;;;38,5;38,36;38,63;18202;0,47;2394;0,28;;;;;;;;;;;;;;;38,35;38,22;38,48;55455;0,69;6957;0,33;;;;;;;;;;;;;;;27,34;27,24;27,5;61094;1,17;8311;0,85;39,35;39,19;39,47;127949;2,1;15513;1,47;;;;;;;;33,83;33,7;33,96;17418;0,49;2238;0,25;;;;;;;;37,34;37,22;37,48;32160;0,38;4421;0,22
;;;;;;;;;;;;;;;;;;;;;39,47;39,32;39,59;25901;0,67;3180;0,37;;;;;;;;;;;;;;;39,3;39,17;39,44;89706;1,12;11695;0,55;;;;;;;;;;;;;;;27,65;27,52;27,77;40710;0,78;5088;0,52;40,61;40,49;40,86;13568;0,22;1603;0,15;;;;;;;;34,14;34,01;34,26;11807;0,33;1739;0,2;;;;;;;;39,27;39,15;39,42;21497;0,25;2653;0,13
;;;;;;;;;;;;;;;;;;;;;49,06;48,79;49,08;24423;0,63;2301;0,27;;;;;;;;;;;;;;;;;;;;;;;;;;;;;;;;;;;;27,95;27,87;28,03;4718;0,09;1005;0,1;41,03;40,9;41,16;14543;0,24;1950;0,18;;;;;;;;34,74;34,64;34,75;4437;0,12;1363;0,15;;;;;;;;;;;;;;
;;;;;;;;;;;;;;;;;;;;;49,09;49,08;49,27;14039;0,36;2143;0,25;;;;;;;;;;;;;;;;;;;;;;;;;;;;;;;;;;;;28,16;28,05;28,34;58826;1,13;6790;0,7;42,03;41,92;42,18;12874;0,21;1563;0,15;;;;;;;;34,76;34,75;34,77;1766;0,05;1395;0,16;;;;;;;;;;;;;;
;;;;;;;;;;;;;;;;;;;;;;;;;;;;;;;;;;;;;;;;;;;;;;;;;;;;;;;;;;;;;;;29,09;28,93;29,19;459477;8,83;60660;6,23;43,01;42,87;43,16;20130;0,33;2394;0,23;;;;;;;;34,78;34,77;34,94;7226;0,2;1387;0,16;;;;;;;;;;;;;;
;;;;;;;;;;;;;;;;;;;;;;;;;;;;;;;;;;;;;;;;;;;;;;;;;;;;;;;;;;;;;;;29,82;29,69;30,01;61012;1,17;8010;0,82;;;;;;;;;;;;;;;35,7;35,55;35,82;182882;5,1;25022;2,82;;;;;;;;;;;;;;
;;;;;;;;;;;;;;;;;;;;;;;;;;;;;;;;;;;;;;;;;;;;;;;;;;;;;;;;;;;;;;;30,14;30,02;30,25;57377;1,1;9056;0,93;;;;;;;;;;;;;;;36,68;36,56;36,68;3876;0,11;1102;0,12;;;;;;;;;;;;;;
;;;;;;;;;;;;;;;;;;;;;;;;;;;;;;;;;;;;;;;;;;;;;;;;;;;;;;;;;;;;;;;30,5;30,38;30,65;116916;2,25;15459;1,59;;;;;;;;;;;;;;;36,7;36,68;36,79;4001;0,11;1133;0,13;;;;;;;;;;;;;;
;;;;;;;;;;;;;;;;;;;;;;;;;;;;;;;;;;;;;;;;;;;;;;;;;;;;;;;;;;;;;;;30,76;30,68;30,77;7534;0,14;2412;0,25;;;;;;;;;;;;;;;36,93;36,8;37,05;20622;0,57;3033;0,34;;;;;;;;;;;;;;
;;;;;;;;;;;;;;;;;;;;;;;;;;;;;;;;;;;;;;;;;;;;;;;;;;;;;;;;;;;;;;;30,8;30,77;30,95;13281;0,26;2533;0,26;;;;;;;;;;;;;;;37,33;37,21;37,47;24705;0,69;3334;0,38;;;;;;;;;;;;;;
;;;;;;;;;;;;;;;;;;;;;;;;;;;;;;;;;;;;;;;;;;;;;;;;;;;;;;;;;;;;;;;31,11;31,01;31,13;5075;0,1;1358;0,14;;;;;;;;;;;;;;;38,32;38,2;38,45;22125;0,62;2868;0,32;;;;;;;;;;;;;;
;;;;;;;;;;;;;;;;;;;;;;;;;;;;;;;;;;;;;;;;;;;;;;;;;;;;;;;;;;;;;;;31,14;31,13;31,22;4223;0,08;1329;0,14;;;;;;;;;;;;;;;39,3;39,15;39,42;36156;1,01;4407;0,5;;;;;;;;;;;;;;
;;;;;;;;;;;;;;;;;;;;;;;;;;;;;;;;;;;;;;;;;;;;;;;;;;;;;;;;;;;;;;;31,42;31,27;31,56;97499;1,87;11871;1,22;;;;;;;;;;;;;;;50,61;50,43;50,81;14403;0,4;1100;0,12;;;;;;;;;;;;;;
;;;;;;;;;;;;;;;;;;;;;;;;;;;;;;;;;;;;;;;;;;;;;;;;;;;;;;;;;;;;;;;32,31;32,15;32,44;238400;4,58;27103;2,78;;;;;;;;;;;;;;;;;;;;;;;;;;;;;;;;;;;
;;;;;;;;;;;;;;;;;;;;;;;;;;;;;;;;;;;;;;;;;;;;;;;;;;;;;;;;;;;;;;;32,65;32,53;32,68;6655;0,13;1302;0,13;;;;;;;;;;;;;;;;;;;;;;;;;;;;;;;;;;;
;;;;;;;;;;;;;;;;;;;;;;;;;;;;;;;;;;;;;;;;;;;;;;;;;;;;;;;;;;;;;;;32,68;32,68;32,79;3735;0,07;1170;0,12;;;;;;;;;;;;;;;;;;;;;;;;;;;;;;;;;;;
;;;;;;;;;;;;;;;;;;;;;;;;;;;;;;;;;;;;;;;;;;;;;;;;;;;;;;;;;;;;;;;33,05;32,9;33,07;9777;0,19;1672;0,17;;;;;;;;;;;;;;;;;;;;;;;;;;;;;;;;;;;
;;;;;;;;;;;;;;;;;;;;;;;;;;;;;;;;;;;;;;;;;;;;;;;;;;;;;;;;;;;;;;;33,1;33,07;33,23;10047;0,19;1648;0,17;;;;;;;;;;;;;;;;;;;;;;;;;;;;;;;;;;;
;;;;;;;;;;;;;;;;;;;;;;;;;;;;;;;;;;;;;;;;;;;;;;;;;;;;;;;;;;;;;;;33,33;33,24;33,36;6809;0,13;1434;0,15;;;;;;;;;;;;;;;;;;;;;;;;;;;;;;;;;;;
;;;;;;;;;;;;;;;;;;;;;;;;;;;;;;;;;;;;;;;;;;;;;;;;;;;;;;;;;;;;;;;33,45;33,36;33,53;14829;0,28;2157;0,22;;;;;;;;;;;;;;;;;;;;;;;;;;;;;;;;;;;
;;;;;;;;;;;;;;;;;;;;;;;;;;;;;;;;;;;;;;;;;;;;;;;;;;;;;;;;;;;;;;;33,61;33,53;33,71;19430;0,37;2936;0,3;;;;;;;;;;;;;;;;;;;;;;;;;;;;;;;;;;;
;;;;;;;;;;;;;;;;;;;;;;;;;;;;;;;;;;;;;;;;;;;;;;;;;;;;;;;;;;;;;;;33,85;33,74;33,99;35884;0,69;4404;0,45;;;;;;;;;;;;;;;;;;;;;;;;;;;;;;;;;;;
;;;;;;;;;;;;;;;;;;;;;;;;;;;;;;;;;;;;;;;;;;;;;;;;;;;;;;;;;;;;;;;34,16;34,04;34,33;22816;0,44;3140;0,32;;;;;;;;;;;;;;;;;;;;;;;;;;;;;;;;;;;
;;;;;;;;;;;;;;;;;;;;;;;;;;;;;;;;;;;;;;;;;;;;;;;;;;;;;;;;;;;;;;;34,79;34,64;34,8;13398;0,26;2782;0,29;;;;;;;;;;;;;;;;;;;;;;;;;;;;;;;;;;;
;;;;;;;;;;;;;;;;;;;;;;;;;;;;;;;;;;;;;;;;;;;;;;;;;;;;;;;;;;;;;;;34,8;34,8;34,89;12946;0,25;2785;0,29;;;;;;;;;;;;;;;;;;;;;;;;;;;;;;;;;;;
;;;;;;;;;;;;;;;;;;;;;;;;;;;;;;;;;;;;;;;;;;;;;;;;;;;;;;;;;;;;;;;34,9;34,89;35;6781;0,13;1843;0,19;;;;;;;;;;;;;;;;;;;;;;;;;;;;;;;;;;;
;;;;;;;;;;;;;;;;;;;;;;;;;;;;;;;;;;;;;;;;;;;;;;;;;;;;;;;;;;;;;;;35,72;35,57;35,85;173122;3,33;22794;2,34;;;;;;;;;;;;;;;;;;;;;;;;;;;;;;;;;;;
;;;;;;;;;;;;;;;;;;;;;;;;;;;;;;;;;;;;;;;;;;;;;;;;;;;;;;;;;;;;;;;36,12;36,02;36,27;10208;0,2;1309;0,13;;;;;;;;;;;;;;;;;;;;;;;;;;;;;;;;;;;
;;;;;;;;;;;;;;;;;;;;;;;;;;;;;;;;;;;;;;;;;;;;;;;;;;;;;;;;;;;;;;;36,72;36,43;36,82;10314;0,2;1267;0,13;;;;;;;;;;;;;;;;;;;;;;;;;;;;;;;;;;;
;;;;;;;;;;;;;;;;;;;;;;;;;;;;;;;;;;;;;;;;;;;;;;;;;;;;;;;;;;;;;;;36,95;36,83;37,06;27592;0,53;3977;0,41;;;;;;;;;;;;;;;;;;;;;;;;;;;;;;;;;;;
;;;;;;;;;;;;;;;;;;;;;;;;;;;;;;;;;;;;;;;;;;;;;;;;;;;;;;;;;;;;;;;37,35;37,23;37,49;29580;0,57;4035;0,41;;;;;;;;;;;;;;;;;;;;;;;;;;;;;;;;;;;
;;;;;;;;;;;;;;;;;;;;;;;;;;;;;;;;;;;;;;;;;;;;;;;;;;;;;;;;;;;;;;;38,34;38,21;38,52;30974;0,59;3642;0,37;;;;;;;;;;;;;;;;;;;;;;;;;;;;;;;;;;;
;;;;;;;;;;;;;;;;;;;;;;;;;;;;;;;;;;;;;;;;;;;;;;;;;;;;;;;;;;;;;;;39,3;39,16;39,45;44470;0,85;6003;0,62;;;;;;;;;;;;;;;;;;;;;;;;;;;;;;;;;;;
;;;;;;;;;;;;;;;;;;;;;;;;;;;;;;;;;;;;;;;;;;;;;;;;;;;;;;;;;;;;;;;39,75;39,62;39,89;18396;0,35;2345;0,24;;;;;;;;;;;;;;;;;;;;;;;;;;;;;;;;;;;
;;;;;;;;;;;;;;;;;;;;;;;;;;;;;;;;;;;;;;;;;;;;;;;;;;;;;;;;;;;;;;;40,58;40,47;40,88;7972;0,15;0,867;0,09;;;;;;;;;;;;;;;;;;;;;;;;;;;;;;;;;;;